-0.497018653,-0.337780602,-0.578300713,-0.334336957,-0.473625578,0.148901631,-1.181110851,-1.275161938,1.087658791,-0.473625578,-0.508279254,-0.351348964,-0.58796036,-0.348141634,-0.364196748,-0.18120768,-0.6764393,-1.243652009,-0.498766483,-0.364196748,1
-0.902635541,-0.932436273,-1.061862742,-0.844695553,-0.964691896,-0.238856897,-1.176639667,-1.49592722,0.656503253,-0.964691896,-0.905403277,-0.934523927,-1.058648745,-0.850216885,-0.47682482,-0.183159487,-0.677453534,-1.442926429,-0.456227378,-0.47682482,1
-0.395614431,-0.535999159,-0.675013119,-0.538480396,-0.581203854,-0.449052433,-1.179322378,-1.363468051,0.657842245,-0.581203854,-0.408227433,-0.546944282,-0.682680032,-0.549911657,-0.396124119,-0.160420505,-0.676846893,-1.323734833,-0.456491186,-0.396124119,-1
-0.497018653,-0.635108438,-0.578300713,-0.436408677,-0.739412731,0.128535922,-1.180216614,-1.319314994,-0.213917333,-0.739412731,-0.508279254,-0.644290567,-0.58796036,-0.449183299,-0.435684156,-0.182726838,-0.676643413,-1.283755597,-0.111098842,-0.435684156,-1
-0.902635541,-0.635108438,-0.384875901,-0.742623834,-0.181153417,0.427084384,-1.177533904,-1.451774164,-1.123218651,-0.181153417,-0.905403277,-0.644290567,-0.397648024,-0.75042845,-0.256823354,-0.144732461,-0.677251953,-1.403320249,0.619768939,-0.256823354,1
-1.409656651,-0.932436273,-1.158575148,-1.355054148,-0.453106249,0.26347582,-1.172168484,-1.716692503,1.087658791,-0.453106249,-1.394870968,-0.934523927,-1.15191343,-1.344459449,-0.357644801,-0.169733902,-0.678451946,-1.639092043,-0.498766483,-0.357644801,1
-1.409656651,-1.427982666,-1.545424771,-1.355054148,-0.891339595,-0.271210008,-1.172168484,-1.716692503,0.648290766,-0.891339595,-1.394870968,-1.412227876,-1.522062194,-1.344459449,-0.465388642,-0.180748911,-0.678451946,-1.639092043,-0.454591407,-0.465388642,-1
-1.004039763,-1.229764109,-1.158575148,-1.048838991,-0.571879638,-0.373503233,-1.174851194,-1.584233333,-0.21801034,-0.571879638,-1.003913467,-1.222049044,-1.15191343,-1.048853833,-0.393517938,-0.170519425,-0.677854798,-1.521765731,-0.108656847,-0.393517938,-1
-0.699827097,-1.031545552,-0.86843793,-0.844695553,-0.87822418,-0.610475761,-1.176639667,-1.49592722,-0.631607393,-0.87822418,-0.707457917,-1.030666549,-0.871246383,-0.850216885,-0.463144449,-0.131599882,-0.677453534,-1.442926429,0.177638265,-0.463144449,-1
-0.699827097,-0.635108438,-0.675013119,-0.436408677,-0.780594815,-0.143643711,-1.180216614,-1.319314994,0.214466817,-0.780594815,-0.707457917,-0.644290567,-0.682680032,-0.449183299,-0.444537915,-0.187953999,-0.676643413,-1.283755597,-0.324288804,-0.444537915,-1
-1.004039763,-0.635108438,-0.86843793,-0.946767272,-0.701660096,0.331147496,-1.175745431,-1.540080277,1.087658791,-0.701660096,-1.003913467,-0.644290567,-0.871246383,-0.949692013,-0.427043725,-0.160622024,-0.677654483,-1.482408256,-0.498766483,-0.427043725,1
-0.902635541,-1.031545552,-0.965150336,-0.844695553,-0.736447022,-0.574194876,-1.176639667,-1.49592722,-0.22212917,-0.736447022,-0.905403277,-1.030666549,-0.965093063,-0.850216885,-0.435023535,-0.138937128,-0.677453534,-1.442926429,-0.106191705,-0.435023535,-1
-0.801231319,-1.031545552,-1.061862742,-1.355054148,-0.439061759,-0.188748742,-1.172168484,-1.716692503,0.225347714,-0.439061759,-0.80658476,-1.030666549,-1.058648745,-1.344459449,-0.353074957,-0.186110632,-0.678451946,-1.639092043,-0.328610065,-0.353074957,1
-0.294210209,-0.833326995,-0.578300713,-0.538480396,-0.601350279,-0.91838369,-1.179322378,-1.363468051,-1.054770433,-0.601350279,-0.307867286,-0.83808039,-0.58796036,-0.549911657,-0.401650785,-0.049264834,-0.676846893,-1.323734833,0.551581903,-0.401650785,-1
-0.395614431,-0.436889881,-0.578300713,-0.232265238,-0.747954484,-0.098438209,-1.182005088,-1.231008881,0.663116068,-0.747954484,-0.408227433,-0.449297081,-0.58796036,-0.246786661,-0.437569575,-0.189028504,-0.676234555,-1.203424068,-0.457522252,-0.437569575,-1
0.010002457,-0.337780602,-0.191451089,-0.0281218,-0.494694704,0.002701173,-1.183793562,-1.142702768,-0.610512103,-0.494694704,-0.004936888,-0.351348964,-0.206171698,-0.043136793,-0.37077018,-0.188630129,-0.675823165,-1.12259513,0.16114121,-0.37077018,-1
0.111406679,-0.238671324,-0.094738683,-0.0281218,-0.556706872,-0.646613789,-1.183793562,-1.142702768,-0.589928213,-0.556706872,0.096656563,-0.253099932,-0.109997038,-0.043136793,-0.389211695,-0.123796022,-0.675823165,-1.12259513,0.145240404,-0.389211695,-1
0.212810901,0.15776579,0.098686128,0.380165076,-0.717191425,-0.177078451,-1.187370509,-0.966090542,0.248865289,-0.717191425,0.198558341,0.142905358,0.083225272,0.367922633,-0.430659058,-0.186661455,-0.67499279,-0.959445028,-0.337764761,-0.430659058,-1
0.314215123,0.256875069,0.098686128,0.380165076,-0.730251064,-0.359200297,-1.187370509,-0.966090542,0.6695291,-0.730251064,0.300768444,0.24265897,0.083225272,0.367922633,-0.433633386,-0.172188023,-0.67499279,-0.959445028,-0.45875889,-0.433633386,-1
0.314215123,0.455093626,0.195398534,0.482236795,-0.766032402,-0.129956158,-1.188264745,-0.921937486,1.087658791,-0.766032402,0.300768444,0.443068941,0.180272924,0.471470758,-0.441475294,-0.188361023,-0.674783614,-0.918346622,-0.498766483,-0.441475294,-1
0.821236233,0.752421461,0.582248158,0.890523672,-0.637826431,-0.676690612,-1.191841692,-0.745325259,0.672040389,-0.637826431,0.816443854,0.745940768,0.571373505,0.888796333,-0.411293948,-0.116923987,-0.673940581,-0.752709475,-0.459238018,-0.411293948,-1
1.024044677,0.950640018,0.77567297,0.686380233,0.363775345,-0.177547838,-1.190053219,-0.833631372,0.675751268,0.363775345,1.024872301,0.949359898,0.76866978,0.67950693,0.02346809,-0.186640296,-0.674363364,-0.835776753,-0.459940733,0.02346809,1
0.922640455,1.049749297,0.872385375,0.992595391,-0.332732874,0.23893901,-1.192735929,-0.701172203,0.674521693,-0.332732874,0.920503915,1.051520837,0.867754414,0.993910996,-0.316226827,-0.172609371,-0.673728241,-0.710989308,-0.459708591,-0.316226827,-1
1.125448899,1.049749297,0.872385375,0.890523672,0.159455346,-0.483130813,-1.191841692,-0.745325259,0.680597239,0.159455346,1.129549014,1.051520837,0.867754414,0.888796333,-0.093863204,-0.155157789,-0.673940581,-0.752709475,-0.460848906,-0.093863204,-1
1.632470009,1.446186411,1.355947405,1.502953986,-0.068975981,-1.292134415,-1.197207113,-0.48040692,0.283002234,-0.068975981,1.657557468,1.463173752,1.367542545,1.524183921,-0.207659023,0.098913662,-0.672657045,-0.500523189,-0.350602885,-0.207659023,-1
2.443703786,1.644404968,2.032934246,1.809169144,1.466072593,-0.710971503,-1.199889823,-0.347947751,-1.745108738,1.466072593,2.518403952,1.670805705,2.079467821,1.846107366,0.909709335,-0.108673677,-0.672006732,-0.372751291,1.337527775,0.909709335,-1
1.531065787,1.347077132,1.259234999,1.502953986,0.108131524,-0.611814846,-1.197207113,-0.48040692,0.273535686,0.108131524,1.551339125,1.35980915,1.267002924,1.524183921,-0.121029048,-0.131319535,-0.672657045,-0.500523189,-0.347096176,-0.121029048,1
1.429661565,1.446186411,1.259234999,1.400882267,0.370350583,-1.485885736,-1.196312876,-0.524559977,0.680597239,0.370350583,1.445429108,1.463173752,1.267002924,1.417502721,0.027487758,0.19654718,-0.67287255,-0.542865117,-0.460848906,0.027487758,1
1.328257343,1.545295689,1.549372217,1.400882267,1.186150115,0.126331847,-1.196312876,-0.524559977,-0.122844951,1.186150115,1.339827417,1.566839271,1.569494779,1.417502721,0.644176905,-0.18288183,-0.67287255,-0.542865117,-0.163451717,0.644176905,-1
1.733874232,1.446186411,2.032934246,1.707097424,2.7922291,1.664745907,-1.198995586,-0.392100807,-2.543852435,2.7922291,1.764084137,1.463173752,2.079467821,1.738486244,2.54219367,0.372761261,-0.672224136,-0.415466276,2.519066405,2.54219367,-1
1.632470009,1.743514246,1.549372217,1.707097424,0.718991143,0.18502867,-1.198995586,-0.392100807,0.681790967,0.718991143,1.657557468,1.775073055,1.569494779,1.738486244,0.262398898,-0.178126406,-0.672224136,-0.415466276,-0.46107097,0.262398898,-1
1.125448899,1.545295689,1.549372217,1.196738829,1.319055643,1.667526117,-1.194524403,-0.61286609,-0.140751811,1.319055643,1.129549014,1.566839271,1.569494779,1.205080243,0.766814523,0.374576687,-0.673301661,-0.627175917,-0.153457785,0.766814523,1
0.922640455,1.446186411,1.452659811,1.09466711,1.826724196,0.568515627,0.452045411,-0.411481522,-0.133525866,1.826724196,0.920503915,1.463173752,1.468373163,1.099338966,1.29244173,-0.114951668,0.005715088,-0.434176486,-0.157508292,1.29244173,1
1.632470009,1.148858575,1.259234999,1.400882267,-0.246110577,-1.489281329,0.464012631,-0.276836557,-0.526346198,-0.246110577,1.657557468,1.153982692,1.267002924,1.417502721,-0.283269192,0.198385005,0.018504755,-0.303694782,0.097348656,-0.283269192,-1
1.632470009,1.446186411,1.355947405,1.707097424,0.062517608,0.083558048,0.475979852,-0.142191593,0.275923144,0.062517608,1.657557468,1.463173752,1.367542545,1.738486244,-0.144395154,-0.185525456,0.031407771,-0.172056667,-0.347984433,-0.144395154,-1
1.328257343,1.446186411,1.355947405,1.502953986,1.164738363,1.642593704,0.468001705,-0.231954902,0.271134143,1.164738363,1.339827417,1.463173752,1.367542545,1.524183921,0.625000343,0.358400857,0.022793166,-0.259943901,-0.346200046,0.625000343,1
1.024044677,1.247967854,1.162522593,1.298810548,0.770072736,0.356776924,0.460023558,-0.321718212,0.263843744,0.770072736,1.024872301,1.256745463,1.1667543,1.311134828,0.300407425,-0.156718316,0.014228938,-0.347317174,-0.343463483,0.300407425,1
0.821236233,0.950640018,0.77567297,0.992595391,-0.17655585,0.327791149,0.448056337,-0.456363177,0.676973545,-0.17655585,0.816443854,0.949359898,0.76866978,0.993910996,-0.254895331,-0.161114822,0.001477055,-0.477413407,-0.460170811,-0.254895331,1
0.821236233,0.85153074,0.678960564,1.09466711,-0.78627285,0.101584676,0.452045411,-0.411481522,0.675751268,-0.78627285,0.816443854,0.847499875,0.669876144,1.099338966,-0.445711855,-0.184495788,0.005715088,-0.434176486,-0.459940733,-0.445711855,-1
0.922640455,0.85153074,0.678960564,0.992595391,-0.720749958,-0.447729047,0.448056337,-0.456363177,0.676973545,-0.720749958,0.920503915,0.847499875,0.669876144,0.993910996,-0.431475457,-0.160616005,0.001477055,-0.477413407,-0.460170811,-0.431475457,1
1.328257343,0.85153074,1.065810187,1.09466711,-0.204888653,-0.985989431,0.452045411,-0.411481522,-0.947648971,-0.204888653,1.339827417,0.847499875,1.066796674,1.099338966,-0.266658652,-0.026380328,0.005715088,-0.434176486,0.449172935,-0.266658652,-1
1.226853121,1.247967854,1.065810187,1.400882267,0.001295871,-0.605515024,0.464012631,-0.276836557,0.67818859,0.001295871,1.234534052,1.256745463,1.066796674,1.417502721,-0.174606453,-0.132632531,0.018504755,-0.303694782,-0.46039885,-0.174606453,-1
1.024044677,1.148858575,1.065810187,1.196738829,0.096587409,1.093862396,0.456034484,-0.366599867,0.26871839,0.096587409,1.024872301,1.153982692,1.066796674,1.205080243,-0.127011771,0.061991312,0.009965716,-0.390811075,-0.34529595,-0.127011771,1
1.024044677,0.950640018,0.872385375,1.196738829,-0.454680736,-0.359924,0.456034484,-0.366599867,0.261384595,-0.454680736,1.024872301,0.949359898,0.867754414,1.205080243,-0.35815279,-0.172105456,0.009965716,-0.390811075,-0.342534917,-0.35815279,-1
0.922640455,1.049749297,0.77567297,0.890523672,-0.230437417,0.455363725,0.444067264,-0.501244831,1.087658791,-0.230437417,0.920503915,1.051520837,0.76866978,0.888796333,-0.277024037,-0.139383603,-0.002748384,-0.520521838,-0.498766483,-0.277024037,1
0.922640455,0.85153074,0.872385375,1.09466711,-0.333201395,-0.379726132,0.452045411,-0.411481522,-0.148063779,-0.333201395,0.920503915,0.847499875,0.867754414,1.099338966,-0.316397913,-0.16976927,0.005715088,-0.434176486,-0.149334733,-0.316397913,-1
1.024044677,0.85153074,0.872385375,0.992595391,-0.31862942,-0.179100423,0.448056337,-0.456363177,-0.144396946,-0.31862942,1.024872301,0.847499875,0.867754414,0.993910996,-0.311040645,-0.186569714,0.001477055,-0.477413407,-0.151405435,-0.311040645,1
0.922640455,0.950640018,0.872385375,1.09466711,-0.412477147,0.690036418,0.452045411,-0.411481522,0.266288299,-0.412477147,0.920503915,0.949359898,0.867754414,1.099338966,-0.34423485,-0.083313323,0.005715088,-0.434176486,-0.344383795,-0.34423485,-1
1.125448899,0.85153074,0.872385375,1.09466711,-0.45270944,-0.578990779,0.452045411,-0.411481522,-0.144396946,-0.45270944,1.129549014,0.847499875,0.867754414,1.099338966,-0.357516639,-0.137995821,0.005715088,-0.434176486,-0.151405435,-0.357516639,-1
0.922640455,1.049749297,0.872385375,1.09466711,-0.489794351,0.76106287,0.452045411,-0.411481522,0.675751268,-0.489794351,0.920503915,1.051520837,0.867754414,1.099338966,-0.369255233,-0.062232012,0.005715088,-0.434176486,-0.459940733,-0.369255233,-1
1.024044677,0.950640018,0.678960564,0.992595391,-0.220262214,0.060958437,0.448056337,-0.456363177,1.087658791,-0.220262214,1.024872301,0.949359898,0.669876144,0.993910996,-0.272923362,-0.186642493,0.001477055,-0.477413407,-0.498766483,-0.272923362,1
1.328257343,0.950640018,1.065810187,1.298810548,-0.275252934,-1.011370823,0.460023558,-0.321718212,-0.540587419,-0.275252934,1.339827417,0.949359898,1.066796674,1.311134828,-0.294651668,-0.017341884,0.014228938,-0.347317174,0.107914745,-0.294651668,-1
1.226853121,1.247967854,1.355947405,1.400882267,0.19446219,-0.043410134,0.464012631,-0.276836557,-0.545390505,0.19446219,1.234534052,1.256745463,1.367542545,1.417502721,-0.074802596,-0.189292178,0.018504755,-0.303694782,0.111499264,-0.074802596,-1
1.531065787,1.148858575,1.259234999,1.400882267,0.783648705,-2.611509953,0.464012631,-0.276836557,-0.545390505,0.783648705,1.551339125,1.153982692,1.267002924,1.417502721,0.310663303,1.044947723,0.018504755,-0.303694782,0.111499264,0.310663303,-1
1.226853121,1.941732803,2.032934246,1.298810548,2.679291512,4.61356974,0.460023558,-0.321718212,-0.540587419,2.679291512,1.234534052,1.984510503,2.079467821,1.311134828,2.379076876,3.943111156,0.014228938,-0.347317174,0.107914745,2.379076876,1
1.328257343,1.148858575,1.259234999,1.400882267,0.093844805,0.238102278,0.464012631,-0.276836557,-0.535812503,0.093844805,1.339827417,1.153982692,1.267002924,1.417502721,-0.128426232,-0.172703408,0.018504755,-0.303694782,0.104361715,-0.128426232,-1
1.429661565,1.347077132,1.259234999,1.502953986,-0.046912443,-0.903250302,0.468001705,-0.231954902,0.27829664,-0.046912443,1.445429108,1.35980915,1.267002924,1.524183921,-0.197468394,-0.054150407,0.022793166,-0.259943901,-0.348864911,-0.197468394,-1
1.632470009,1.446186411,1.549372217,1.605025705,0.552517801,0.237896627,0.471990779,-0.187073248,-0.550222012,0.552517801,1.657557468,1.463173752,1.569494779,1.631178429,0.14489832,-0.17272648,0.027094171,-0.216064529,0.115115646,0.14489832,-1
0.922640455,1.545295689,1.259234999,1.196738829,1.393883628,1.589672372,0.456034484,-0.366599867,1.087658791,1.393883628,0.920503915,1.566839271,1.267002924,1.205080243,0.838594652,0.324846261,0.009965716,-0.390811075,-0.498766483,0.838594652,1
1.226853121,0.85153074,1.065810187,1.09466711,0.475328086,-1.816556541,0.452045411,-0.411481522,-0.971878826,0.475328086,1.234534052,0.847499875,1.066796674,1.099338966,0.093723162,0.396008808,0.005715088,-0.434176486,0.471877267,0.093723162,1
0.922640455,1.247967854,1.162522593,0.992595391,0.963991239,0.600435458,0.448056337,-0.456363177,0.266288299,0.963991239,0.920503915,1.256745463,1.1667543,0.993910996,0.45305098,-0.10718274,0.001477055,-0.477413407,-0.344383795,0.45305098,1
0.922640455,0.950640018,1.259234999,1.09466711,2.234041498,1.026624,0.452045411,-0.411481522,-1.383786349,2.234041498,0.920503915,0.949359898,1.267002924,1.099338966,1.779697697,0.033512639,0.005715088,-0.434176486,0.898960516,1.779697697,-1
1.024044677,0.85153074,0.77567297,0.992595391,0.105575373,-0.195120778,0.448056337,-0.456363177,0.261384595,0.105575373,1.024872301,0.847499875,0.76866978,0.993910996,-0.122357809,-0.185788113,0.001477055,-0.477413407,-0.342534917,-0.122357809,1
0.618427789,0.950640018,0.77567297,0.890523672,0.945940412,1.58872575,0.444067264,-0.501244831,0.672040389,0.945940412,0.609248712,0.949359898,0.76866978,0.888796333,0.438284034,0.324255713,-0.002748384,-0.520521838,-0.459238018,0.438284034,1
0.517023567,0.653312183,0.485535752,0.686380233,0.990802143,1.527496754,0.436089117,-0.591008141,0.672040389,0.990802143,0.50611363,0.644682577,0.473161864,0.67950693,0.47519582,0.28677894,-0.011161478,-0.60635323,-0.459238018,0.47519582,1
0.314215123,0.455093626,0.195398534,0.380165076,-0.470459074,-0.06392184,0.424121896,-0.725653105,1.087658791,-0.470459074,0.300768444,0.443068941,0.180272924,0.367922633,-0.363195325,-0.189327941,-0.023686661,-0.734136641,-0.498766483,-0.363195325,1
0.314215123,0.256875069,0.098686128,0.482236795,-0.915954504,-0.135814852,0.428110969,-0.680771451,0.6695291,-0.915954504,0.300768444,0.24265897,0.083225272,0.471470758,-0.469437229,-0.188195488,-0.019524195,-0.691670661,-0.45875889,-0.469437229,-1
0.415619345,0.256875069,0.195398534,0.482236795,-0.852206894,-0.462256471,0.428110969,-0.680771451,0.256421987,-0.852206894,0.403286874,0.24265897,0.180272924,0.471470758,-0.458513584,-0.158433595,-0.019524195,-0.691670661,-0.340652626,-0.458513584,-1
0.618427789,0.455093626,0.29211094,0.686380233,-0.554160282,-0.618014197,0.436089117,-0.591008141,0.670788526,-0.554160282,0.609248712,0.443068941,0.277611573,0.67950693,-0.388481003,-0.130012807,-0.011161478,-0.60635323,-0.458999536,-0.388481003,-1
0.415619345,0.554202904,0.29211094,0.584308514,-0.698869684,0.418475307,0.432100043,-0.635889796,1.087658791,-0.698869684,0.403286874,0.543725301,0.277611573,0.57533219,-0.426385192,-0.146300685,-0.015349134,-0.64907619,-0.498766483,-0.426385192,1
0.517023567,0.355984347,0.195398534,0.584308514,-0.621614631,-0.059604743,0.432100043,-0.635889796,0.672040389,-0.621614631,0.50611363,0.342713498,0.180272924,0.57533219,-0.407065815,-0.189333651,-0.015349134,-0.64907619,-0.459238018,-0.407065815,-1
0.517023567,0.455093626,0.388823346,0.686380233,-0.279866436,0.032603743,0.436089117,-0.591008141,0.251399408,-0.279866436,0.50611363,0.443068941,0.37524122,0.67950693,-0.296426236,-0.187770439,-0.011161478,-0.60635323,-0.338736112,-0.296426236,-1
0.314215123,0.455093626,0.29211094,0.482236795,-0.422607729,0.455757758,0.428110969,-0.680771451,0.66826204,-0.422607729,0.300768444,0.443068941,0.277611573,0.471470758,-0.347632854,-0.139306935,-0.019524195,-0.691670661,-0.458516052,-0.347632854,1
0.212810901,0.355984347,0.29211094,0.380165076,-0.353645825,0.005671336,0.424121896,-0.725653105,0.246315765,-0.353645825,0.198558341,0.342713498,0.277611573,0.367922633,-0.323788266,-0.188559884,-0.023686661,-0.734136641,-0.33678454,-0.323788266,1
0.010002457,0.15776579,0.098686128,-0.130193519,1.058627803,0.916596107,0.404176528,-0.95006138,0.241169936,1.058627803,-0.004936888,0.142905358,0.083225272,-0.145118381,0.532345981,-0.009396594,-0.044310077,-0.944539192,-0.33479705,0.532345981,1
-0.091401765,-0.040452767,-0.094738683,0.073949919,-0.369201058,0.150058613,0.412154675,-0.86029807,0.243750694,-0.369201058,-0.106222014,-0.055699119,-0.109997038,0.059158102,-0.329312787,-0.181116662,-0.036098494,-0.860763642,-0.335795339,-0.329312787,-1
-0.091401765,-0.040452767,-0.191451089,0.176021638,-0.588744819,-0.333123461,0.416143749,-0.815416415,0.665704743,-0.588744819,-0.106222014,-0.055699119,-0.206171698,0.161766305,-0.398209508,-0.175030814,-0.031973811,-0.818683132,-0.458023697,-0.398209508,-1
0.314215123,-0.040452767,0.098686128,0.176021638,0.481283408,-1.393510845,0.416143749,-0.815416415,-0.60531892,0.481283408,0.300768444,-0.055699119,0.083225272,0.161766305,0.097596824,0.148225356,-0.031973811,-0.818683132,0.157111248,0.097596824,-1
0.010002457,0.554202904,1.452659811,0.073949919,2.443183763,2.702346868,0.412154675,-0.86029807,-4.022529314,2.443183763,-0.004936888,0.543725301,1.468373163,0.059158102,2.052554823,1.253590307,-0.036098494,-0.860763642,5.47700771,2.052554823,1
-0.192805987,-0.040452767,-0.094738683,-0.130193519,-0.318760096,0.996435717,0.404176528,-0.95006138,0.241169936,-0.318760096,-0.207198813,-0.055699119,-0.109997038,-0.145118381,-0.311089019,0.021283321,-0.044310077,-0.944539192,-0.33479705,-0.311089019,1
0.111406679,-0.238671324,-0.191451089,0.073949919,-0.744603121,-0.422802913,0.412154675,-0.86029807,-0.178203354,-0.744603121,0.096656563,-0.253099932,-0.206171698,0.059158102,-0.436832888,-0.164174386,-0.036098494,-0.860763642,-0.13208141,-0.436832888,-1
0.010002457,0.058656512,-0.191451089,0.176021638,-0.553613674,-0.337519051,0.416143749,-0.815416415,1.087658791,-0.553613674,-0.004936888,0.043452662,-0.206171698,0.161766305,-0.388323867,-0.174569669,-0.031973811,-0.818683132,-0.498766483,-0.388323867,-1
-0.395614431,-0.139562045,-0.384875901,-0.130193519,-0.893631207,0.108385282,0.404176528,-0.95006138,1.087658791,-0.893631207,-0.408227433,-0.154549983,-0.397648024,-0.145118381,-0.465774555,-0.184075375,-0.044310077,-0.944539192,-0.498766483,-0.465774555,1
-0.395614431,-0.337780602,-0.481588307,-0.232265238,-0.824779262,0.085094935,-0.699991807,-0.994943034,0.660495433,-0.824779262,-0.408227433,-0.351348964,-0.492949691,-0.246786661,-0.453373946,-0.185442468,-0.694823536,-0.986234232,-0.457011492,-0.453373946,1
-0.497018653,-0.337780602,-0.578300713,-0.232265238,-0.92731376,-0.123329807,-0.699991807,-0.994943034,1.087658791,-0.92731376,-0.508279254,-0.351348964,-0.58796036,-0.246786661,-0.471233715,-0.188532583,-0.694823536,-0.986234232,-0.498766483,-0.471233715,-1
-0.395614431,-0.337780602,-0.481588307,-0.232265238,-0.759183064,-0.219243147,-0.699991807,-0.994943034,0.660495433,-0.759183064,-0.408227433,-0.351348964,-0.492949691,-0.246786661,-0.440009023,-0.184427892,-0.694823536,-0.986234232,-0.457011492,-0.440009023,-1
-0.395614431,-0.436889881,-0.578300713,-0.232265238,-0.915117859,-0.477336484,-0.699991807,-0.994943034,0.657842245,-0.915117859,-0.408227433,-0.449297081,-0.58796036,-0.246786661,-0.469303118,-0.156083636,-0.694823536,-0.986234232,-0.456491186,-0.469303118,-1
0.212810901,0.058656512,0.195398534,0.176021638,0.378415846,-0.832691666,-0.697617973,-0.815416415,-0.631607393,0.378415846,0.198558341,0.043452662,0.180272924,0.161766305,0.032439091,-0.075784356,-0.694460045,-0.818683132,0.177638265,0.032439091,-1
-0.598422875,0.455093626,0.678960564,-0.436408677,2.102763046,3.626025129,-0.701178724,-1.084706344,-1.068118901,2.102763046,-0.608022749,0.443068941,0.669876144,-0.449183299,1.616283287,2.380707097,-0.695003609,-1.069238841,0.56471113,1.616283287,1
-0.598422875,-0.635108438,-0.771725524,-0.538480396,-0.681869047,-0.147243385,-0.701772183,-1.129587999,0.657842245,-0.681869047,-0.608022749,-0.644290567,-0.777108706,-0.549911657,-0.422313911,-0.187835174,-0.695093228,-1.110548411,-0.456491186,-0.422313911,1
-0.598422875,-0.635108438,-0.771725524,-0.538480396,-0.930964722,-0.32294924,-0.701772183,-1.129587999,0.656503253,-0.930964722,-0.608022749,-0.644290567,-0.777108706,-0.549911657,-0.471801485,-0.176070135,-0.695093228,-1.110548411,-0.456227378,-0.471801485,1
-0.395614431,-0.635108438,-0.578300713,-0.436408677,-0.551682218,-0.678883698,-0.701178724,-1.084706344,-0.197798743,-0.551682218,-0.408227433,-0.644290567,-0.58796036,-0.449183299,-0.387767783,-0.116409506,-0.695003609,-1.069238841,-0.120641064,-0.387767783,-1
-0.294210209,-0.337780602,-0.481588307,-0.334336957,-0.546606568,-0.123888675,-0.700585266,-1.039824689,0.660495433,-0.546606568,-0.307867286,-0.351348964,-0.492949691,-0.348141634,-0.386300204,-0.188518756,-0.694913712,-1.027800781,-0.457011492,-0.386300204,-1
0.415619345,-0.238671324,0.098686128,-0.232265238,0.426099861,-0.85687055,-0.699991807,-0.994943034,-1.421119357,0.426099861,0.403286874,-0.253099932,0.083225272,-0.246786661,0.062180131,-0.068583202,-0.694823536,-0.986234232,0.941506856,0.062180131,-1
0.314215123,0.355984347,0.195398534,0.482236795,-0.473047098,-0.429567411,-0.695837597,-0.680771451,0.670788526,-0.473047098,0.300768444,0.342713498,0.180272924,0.471470758,-0.364014064,-0.163231967,-0.6941845,-0.691670661,-0.458999536,-0.364014064,-1
0.415619345,0.355984347,0.29211094,0.584308514,-0.654964119,-0.296399877,-0.695244139,-0.635889796,0.251399408,-0.654964119,0.403286874,0.342713498,0.277611573,0.57533219,-0.415663065,-0.178597615,-0.694092094,-0.64907619,-0.338736112,-0.415663065,-1
0.415619345,0.455093626,0.195398534,0.482236795,-0.460092637,-0.211029673,-0.695837597,-0.680771451,1.087658791,-0.460092637,0.403286874,0.443068941,0.180272924,0.471470758,-0.359892222,-0.184915776,-0.6941845,-0.691670661,-0.498766483,-0.359892222,1
0.719832011,0.355984347,0.485535752,0.584308514,-0.064587177,-1.296022942,-0.695244139,-0.635889796,-0.579822267,-0.064587177,0.71269212,0.342713498,0.473161864,0.57533219,-0.205645577,0.100733352,-0.694092094,-0.64907619,0.137504655,-0.205645577,-1
0.922640455,0.752421461,0.969097781,0.890523672,1.058119441,-0.368985194,-0.693463763,-0.501244831,-0.984211386,1.058119441,0.920503915,0.745940768,0.967130045,0.888796333,0.531911616,-0.171054875,-0.693813204,-0.520521838,0.483536547,0.531911616,-1
0.618427789,0.85153074,0.77567297,0.788451953,0.490972561,0.963324367,-0.694057222,-0.546126486,0.263843744,0.490972561,0.609248712,0.847499875,0.76866978,0.783994978,0.103925823,0.008266698,-0.693906446,-0.563501779,-0.343463483,0.103925823,1
0.922640455,1.148858575,1.259234999,0.992595391,1.862905531,0.946244361,-0.692870305,-0.456363177,-0.564889601,1.862905531,0.920503915,1.153982692,1.267002924,0.993910996,1.333362811,0.001714574,-0.693719683,-0.477413407,0.126159781,1.333362811,-1
0.719832011,0.950640018,0.77567297,0.890523672,1.052443,0.873925919,-0.693463763,-0.501244831,0.6695291,1.052443,0.71269212,0.949359898,0.76866978,0.888796333,0.52706761,-0.024803687,-0.693813204,-0.520521838,-0.45875889,0.52706761,1
0.314215123,0.554202904,0.29211094,0.482236795,0.248488775,-0.456670932,-0.695837597,-0.680771451,1.087658791,0.248488775,0.300768444,0.543725301,0.277611573,0.471470758,-0.044540304,-0.159282149,-0.6941845,-0.691670661,-0.498766483,-0.044540304,1
0.314215123,0.355984347,0.29211094,0.482236795,0.047776711,-0.268878775,-0.695837597,-0.680771451,0.251399408,0.047776711,0.300768444,0.342713498,0.277611573,0.471470758,-0.151789868,-0.180935858,-0.6941845,-0.691670661,-0.338736112,-0.151789868,-1
0.517023567,0.355984347,0.388823346,0.482236795,0.284713137,-0.085276557,-0.695837597,-0.680771451,-0.166730283,0.284713137,0.50611363,0.342713498,0.37524122,0.471470758,-0.023674859,-0.189195899,-0.6941845,-0.691670661,-0.138698148,-0.023674859,-1
0.314215123,0.455093626,0.195398534,0.482236795,0.161904726,0.201868489,-0.695837597,-0.680771451,1.087658791,0.161904726,0.300768444,0.443068941,0.180272924,0.471470758,-0.092543581,-0.17652126,-0.6941845,-0.691670661,-0.498766483,-0.092543581,-1
0.719832011,0.15776579,0.485535752,0.380165076,0.414184435,-1.972695741,-0.696431056,-0.725653105,-1.406051621,0.414184435,0.71269212,0.142905358,0.473161864,0.367922633,0.054673411,0.50458383,-0.694276627,-0.734136641,0.924258229,0.054673411,-1
0.719832011,0.752421461,0.582248158,0.686380233,1.160086614,0.088948925,-0.69465068,-0.591008141,0.665704743,1.160086614,0.71269212,0.745940768,0.571373505,0.67950693,0.620855511,-0.18523043,-0.69399941,-0.60635323,-0.458023697,0.620855511,-1
0.111406679,0.752421461,0.77567297,0.176021638,2.149008031,1.658838548,-0.697617973,-0.815416415,-0.170531462,2.149008031,0.096656563,0.745940768,0.76866978,0.161766305,1.673157262,0.368913583,-0.694460045,-0.818683132,-0.136512609,1.673157262,1
0.212810901,0.15776579,0.29211094,0.380165076,0.985148013,0.273067625,-0.696431056,-0.725653105,-0.610512103,0.985148013,0.198558341,0.142905358,0.277611573,0.367922633,0.470504679,-0.168547858,-0.694276627,-0.734136641,0.16114121,0.470504679,-1
-0.192805987,0.256875069,0.29211094,-0.0281218,2.020387722,2.130667441,-0.69880489,-0.905179725,-0.197798743,2.020387722,-0.207198813,0.24265897,0.277611573,-0.043136793,1.516837683,0.717855483,-0.694642348,-0.902715662,-0.120641064,1.516837683,1
-0.497018653,-0.238671324,-0.481588307,-0.334336957,1.016116647,1.257938776,-0.700585266,-1.039824689,1.087658791,1.016116647,-0.508279254,-0.253099932,-0.492949691,-0.348141634,0.496336699,0.138671389,-0.694913712,-1.027800781,-0.498766483,0.496336699,1
-0.801231319,-0.337780602,-0.578300713,-0.538480396,0.686135673,2.765194383,-0.701772183,-1.129587999,1.087658791,0.686135673,-0.80658476,-0.351348964,-0.58796036,-0.549911657,0.238436873,1.320036646,-0.695093228,-1.110548411,-0.498766483,0.238436873,1
-0.801231319,-0.833326995,-0.965150336,-0.742623834,0.252783556,-0.781691835,-0.7029591,-1.219351309,0.655155892,0.252783556,-0.80658476,-0.83808039,-0.965093063,-0.75042845,-0.042090597,-0.090247613,-0.695271628,-1.192782079,-0.455961093,-0.042090597,1
-0.699827097,-0.734217716,-0.86843793,-0.640552115,-0.185628275,-0.048973695,-0.702365641,-1.174469654,0.655155892,-0.185628275,-0.707457917,-0.741335936,-0.871246383,-0.650326707,-0.258692779,-0.189317624,-0.695182567,-1.15172949,-0.455961093,-0.258692779,-1
-0.801231319,-0.833326995,-0.965150336,-0.640552115,-0.32901498,-0.376187682,-0.702365641,-1.174469654,0.655155892,-0.32901498,-0.80658476,-0.83808039,-0.965093063,-0.650326707,-0.314866457,-0.17019762,-0.695182567,-1.15172949,-0.455961093,-0.314866457,-1
-0.598422875,-0.734217716,-0.771725524,-0.640552115,-0.082526452,-0.720401614,-0.702365641,-1.174469654,0.222652992,-0.082526452,-0.608022749,-0.741335936,-0.777108706,-0.650326707,-0.213832814,-0.106326108,-0.695182567,-1.15172949,-0.327544925,-0.213832814,-1
-0.699827097,-0.535999159,-0.578300713,-0.640552115,0.384446068,1.034223661,-0.702365641,-1.174469654,0.222652992,0.384446068,-0.707457917,-0.546944282,-0.58796036,-0.650326707,0.036156041,0.036645645,-0.695182567,-1.15172949,-0.327544925,0.036156041,-1
-0.598422875,-0.635108438,-0.86843793,-0.538480396,-0.473093312,-0.169350063,-0.701772183,-1.129587999,1.087658791,-0.473093312,-0.608022749,-0.644290567,-0.871246383,-0.549911657,-0.364028663,-0.186997839,-0.695093228,-1.110548411,-0.498766483,-0.364028663,-1
-0.699827097,-0.734217716,-0.86843793,-0.640552115,-0.570464512,-0.156967058,-0.702365641,-1.174469654,0.655155892,-0.570464512,-0.707457917,-0.741335936,-0.871246383,-0.650326707,-0.393119729,-0.187489668,-0.695182567,-1.15172949,-0.455961093,-0.393119729,1
-0.497018653,-0.833326995,-0.675013119,-0.640552115,-0.406800706,-0.436826414,-0.702365641,-1.174469654,-0.631607393,-0.406800706,-0.508279254,-0.83808039,-0.682680032,-0.650326707,-0.34231508,-0.162201381,-0.695182567,-1.15172949,0.177638265,-0.34231508,-1
-0.395614431,-0.535999159,-0.675013119,-0.436408677,-0.882985889,-0.184725208,-0.701178724,-1.084706344,0.659172946,-0.882985889,-0.408227433,-0.546944282,-0.682680032,-0.449183299,-0.463966224,-0.186306363,-0.695003609,-1.069238841,-0.456752547,-0.463966224,-1
-0.192805987,-0.535999159,-0.481588307,-0.334336957,-0.64808769,-0.27761972,-0.700585266,-1.039824689,-0.189888235,-0.64808769,-0.207198813,-0.546944282,-0.492949691,-0.348141634,-0.413922381,-0.180224292,-0.694913712,-1.027800781,-0.125280596,-0.413922381,-1
-0.294210209,-0.238671324,-0.481588307,-0.130193519,-0.570789609,0.334268365,-0.699398349,-0.95006138,1.087658791,-0.570789609,-0.307867286,-0.253099932,-0.492949691,-0.145118381,-0.393211272,-0.160159974,-0.694733082,-0.944539192,-0.498766483,-0.393211272,-1
-0.598422875,-0.337780602,-0.481588307,-0.436408677,-0.264915182,0.519631958,-0.701178724,-1.084706344,0.657842245,-0.264915182,-0.608022749,-0.351348964,-0.492949691,-0.449183299,-0.290648111,-0.126101533,-0.695003609,-1.069238841,-0.456491186,-0.290648111,1
-0.294210209,-0.535999159,-0.481588307,-0.436408677,-0.451727775,-0.348154808,-0.701178724,-1.084706344,-0.193831282,-0.451727775,-0.307867286,-0.546944282,-0.492949691,-0.449183299,-0.357199339,-0.173423593,-0.695003609,-1.069238841,-0.122971569,-0.357199339,-1
-0.294210209,-0.337780602,-0.481588307,-0.232265238,-0.522528706,0.109988102,-0.699991807,-0.994943034,0.660495433,-0.522528706,-0.307867286,-0.351348964,-0.492949691,-0.246786661,-0.379214876,-0.183973738,-0.694823536,-0.986234232,-0.457011492,-0.379214876,-1
-0.598422875,-0.337780602,-0.578300713,-0.538480396,-0.725428798,0.179399175,-0.701772183,-1.129587999,1.087658791,-0.725428798,-0.608022749,-0.351348964,-0.58796036,-0.549911657,-0.432542101,-0.178639051,-0.695093228,-1.110548411,-0.498766483,-0.432542101,1
-0.801231319,-0.139562045,-0.288163495,-0.640552115,0.043948858,0.966343195,-0.702365641,-1.174469654,0.656503253,0.043948858,-0.80658476,-0.154549983,-0.302055359,-0.650326707,-0.153697598,0.009436249,-0.695182567,-1.15172949,-0.456227378,-0.153697598,1
-0.699827097,-0.734217716,-0.86843793,-0.538480396,-0.925659593,-0.418963051,-0.701772183,-1.129587999,0.656503253,-0.925659593,-0.707457917,-0.741335936,-0.871246383,-0.549911657,-0.470974928,-0.164701639,-0.695093228,-1.110548411,-0.456227378,-0.470974928,-1
-0.699827097,-0.734217716,-0.86843793,-0.538480396,-0.998956117,-0.189367265,-0.701772183,-1.129587999,0.657842245,-0.998956117,-0.707457917,-0.741335936,-0.871246383,-0.549911657,-0.481518516,-0.18608,-0.695093228,-1.110548411,-0.456491186,-0.481518516,-1
-0.598422875,-0.635108438,-0.771725524,-0.436408677,-0.729138724,-0.414484259,-0.701178724,-1.084706344,0.655155892,-0.729138724,-0.608022749,-0.644290567,-0.777108706,-0.449183299,-0.433382387,-0.165309571,-0.695003609,-1.069238841,-0.455961093,-0.433382387,-1
-0.902635541,-0.932436273,-1.061862742,-0.742623834,-1.043677611,-0.108069261,-0.7029591,-1.219351309,0.653800083,-1.043677611,-0.905403277,-0.934523927,-1.058648745,-0.75042845,-0.487023612,-0.18886445,-0.695271628,-1.192782079,-0.4556923,-0.487023612,1
-0.902635541,-0.932436273,-0.965150336,-0.742623834,-0.969598623,-0.074549748,1.546713679,0.650438528,0.217212704,-0.969598623,-0.905403277,-0.934523927,-0.965093063,-0.75042845,-0.477522297,-0.189283811,1.644639641,0.626313953,-0.325384422,-0.477522297,-1
-1.004039763,-0.734217716,-0.86843793,-0.844695553,-0.63333723,0.393632375,1.539067954,0.599695463,0.651062804,-0.63333723,-1.003913467,-0.741335936,-0.871246383,-0.850216885,-0.410132391,-0.150668712,1.629903563,0.574002739,-0.455147063,-0.410132391,1
-1.105443985,-1.031545552,-1.158575148,-0.946767272,-0.845311341,0.233116423,1.53142223,0.548952398,0.652435748,-0.845311341,-1.102115331,-1.030666549,-1.15191343,-0.949692013,-0.457246327,-0.173258252,1.615213752,0.521855768,-0.455420968,-0.457246327,1
-0.598422875,-1.031545552,-0.86843793,-0.844695553,-0.752599859,-0.371884714,1.539067954,0.599695463,-0.631607393,-0.752599859,-0.608022749,-1.030666549,-0.871246383,-0.850216885,-0.438584176,-0.17071213,1.629903563,0.574002739,0.177638265,-0.438584176,-1
-0.497018653,-0.635108438,-0.675013119,-0.436408677,-0.883216962,-0.597778786,1.569650852,0.802667723,0.230687102,-0.883216962,-0.508279254,-0.644290567,-0.682680032,-0.449183299,-0.4640059,-0.134224344,1.689125478,0.784233049,-0.330710741,-0.4640059,-1
-0.598422875,-0.436889881,-0.481588307,-0.334336957,-0.546222508,0.551294334,1.577296576,0.853410787,0.228025699,-0.546222508,-0.608022749,-0.449297081,-0.492949691,-0.348141634,-0.386188787,-0.118982907,1.704046624,0.837201232,-0.329665296,-0.386188787,-1
-0.699827097,-0.635108438,-0.771725524,-0.436408677,-1.036841022,-0.100598328,1.569650852,0.802667723,0.657842245,-1.036841022,-0.707457917,-0.644290567,-0.777108706,-0.449183299,-0.486227587,-0.188994765,1.689125478,0.784233049,-0.456491186,-0.486227587,1
-0.497018653,-0.635108438,-0.771725524,-0.436408677,-1.106964668,-0.314220855,1.569650852,0.802667723,0.657842245,-1.106964668,-0.508279254,-0.644290567,-0.777108706,-0.449183299,-0.493612188,-0.176930522,1.689125478,0.784233049,-0.456491186,-0.493612188,-1
-0.699827097,-0.535999159,-0.771725524,-0.436408677,-0.946878517,-0.155379936,1.569650852,0.802667723,1.087658791,-0.946878517,-0.707457917,-0.546944282,-0.777108706,-0.449183299,-0.474221534,-0.187548507,1.689125478,0.784233049,-0.498766483,-0.474221534,-1
-0.801231319,-0.734217716,-0.86843793,-0.640552115,-0.719478256,-0.141584063,1.554359403,0.701181593,0.656503253,-0.719478256,-0.80658476,-0.741335936,-0.871246383,-0.650326707,-0.431184214,-0.18801978,1.659421986,0.678789409,-0.456227378,-0.431184214,1
-0.395614431,-0.635108438,-0.578300713,-0.538480396,-0.465684617,-0.382117019,1.562005127,0.751924658,-0.209849908,-0.465684617,-0.408227433,-0.644290567,-0.58796036,-0.549911657,-0.361678713,-0.169477155,1.674250599,0.731429108,-0.113517979,-0.361678713,-1
-0.192805987,-0.436889881,-0.481588307,-0.640552115,0.306625283,-0.481711666,1.554359403,0.701181593,0.246315765,0.306625283,-0.207198813,-0.449297081,-0.492949691,-0.650326707,-0.010829347,-0.155385723,1.659421986,0.678789409,-0.33678454,-0.010829347,1
0.517023567,-0.040452767,0.29211094,0.278093357,-0.022185981,-0.745224137,1.623170922,1.157869177,-1.406051621,-0.022185981,0.50611363,-0.055699119,0.277611573,0.264687815,-0.185844397,-0.099985712,1.794545113,1.158459424,0.924258229,-0.185844397,-1
0.517023567,0.653312183,0.388823346,0.584308514,-0.542190673,0.264362787,1.646108095,1.310098372,1.087658791,-0.542190673,0.50611363,0.644682577,0.37524122,0.57533219,-0.385016017,-0.169625689,1.840418963,1.321305793,-0.498766483,-0.385016017,1
0.618427789,0.554202904,0.388823346,0.686380233,-0.734689269,0.059198631,1.653753819,1.360841437,0.672040389,-0.734689269,0.609248712,0.543725301,0.37524122,0.67950693,-0.434630531,-0.186721359,1.855802781,1.375916401,-0.459238018,-0.434630531,-1
0.517023567,0.554202904,0.388823346,0.686380233,-0.71181777,0.2717254,1.653753819,1.360841437,0.672040389,-0.71181777,0.50611363,0.543725301,0.37524122,0.67950693,-0.429417793,-0.168715923,1.855802781,1.375916401,-0.459238018,-0.429417793,-1
0.719832011,0.355984347,0.485535752,0.686380233,-0.700101545,-0.726075064,1.653753819,1.360841437,-0.574814817,-0.700101545,0.71269212,0.342713498,0.473161864,0.67950693,-0.426676247,-0.104897513,1.855802781,1.375916401,0.133688945,-0.426676247,-1
0.618427789,0.653312183,0.388823346,0.686380233,-0.686165421,-0.081048942,1.653753819,1.360841437,1.087658791,-0.686165421,0.609248712,0.644682577,0.37524122,0.67950693,-0.423352396,-0.189235749,1.855802781,1.375916401,-0.498766483,-0.423352396,-1
1.125448899,1.148858575,0.969097781,1.196738829,-0.873781194,-0.150877596,1.691982441,1.614556762,0.679396467,-0.873781194,1.129549014,1.153982692,0.967130045,1.205080243,-0.462370487,-0.187710231,1.933415876,1.651433076,-0.460624873,-0.462370487,-1
1.531065787,1.545295689,1.259234999,1.502953986,-0.715867135,0.401175521,1.714919614,1.766785957,1.087658791,-0.715867135,1.551339125,1.566839271,1.267002924,1.524183921,-0.430354102,-0.14936714,1.980538939,1.818713991,-0.498766483,-0.430354102,-1
1.632470009,1.446186411,1.355947405,1.502953986,-0.463182648,-0.394774748,1.714919614,1.766785957,0.280656296,-0.463182648,1.657557468,1.463173752,1.367542545,1.524183921,-0.360880759,-0.167894589,1.980538939,1.818713991,-0.349737698,-0.360880759,-1
1.632470009,1.545295689,1.355947405,1.707097424,-0.83551701,-0.181827258,1.730211062,1.868272087,0.682977715,-0.83551701,1.657557468,1.566839271,1.367542545,1.738486244,-0.455417593,-0.18644354,2.01218565,1.931055812,-0.46129109,-0.455417593,-1
1.733874232,1.545295689,1.452659811,1.605025705,-0.459262366,-0.278544364,1.722565338,1.817529022,0.287653428,-0.459262366,1.764084137,1.566839271,1.468373163,1.631178429,-0.359626034,-0.180147329,1.996339161,1.87480278,-0.352310809,-0.359626034,1
1.733874232,1.743514246,1.742797028,2.013312582,-0.190705518,0.177479245,1.753148235,2.020501282,-0.115827538,-0.190705518,1.764084137,1.775073055,1.772611003,2.062289534,-0.260805331,-0.178811144,2.060002719,2.100800363,-0.167328156,-0.260805331,-1
2.13949112,1.743514246,1.742797028,1.911240863,0.17842728,-0.449466875,1.745502511,1.969758217,-0.108891017,0.17842728,2.193274074,1.775073055,1.772611003,1.954041796,-0.083586811,-0.160359145,2.044017429,2.044054604,-0.17113776,-0.083586811,1
2.342299564,2.040842082,2.032934246,2.115384301,1.063371982,-0.579546507,1.76079396,2.071244347,-0.140751811,1.063371982,2.409719,2.089680601,2.079467821,2.170850579,0.53640398,-0.137886183,2.076034276,2.157710365,-0.153457785,0.53640398,-1
1.024044677,2.13995136,1.93622184,1.196738829,2.623829083,-1.30686592,1.691982441,1.614556762,0.673284756,2.623829083,1.024872301,2.195151614,1.976891218,1.205080243,2.300614209,0.105837717,1.933415876,1.651433076,-0.459474361,2.300614209,1
0.517023567,0.950640018,0.678960564,0.788451953,-0.472304475,0.517420035,1.661399543,1.411584502,1.087658791,-0.472304475,0.50611363,0.949359898,0.669876144,0.783994978,-0.363779371,-0.126584652,1.871232866,1.430691251,-0.498766483,-0.363779371,1
0.821236233,0.554202904,0.582248158,0.890523672,-0.722915674,-0.261985549,1.669045268,1.462327567,-0.151752503,-0.722915674,0.816443854,0.543725301,0.571373505,0.888796333,-0.431970137,-0.181476605,1.886709218,1.485630344,-0.147245459,-0.431970137,-1
1.024044677,0.653312183,0.678960564,0.890523672,-0.414677923,-0.750604025,1.669045268,1.462327567,-0.151752503,-0.414677923,1.024872301,0.644682577,0.669876144,0.888796333,-0.344976104,-0.098580767,1.886709218,1.485630344,-0.147245459,-0.344976104,-1
0.618427789,0.85153074,0.582248158,0.788451953,-0.420679461,-0.484429082,1.661399543,1.411584502,1.087658791,-0.420679461,0.609248712,0.847499875,0.571373505,0.783994978,-0.346988854,-0.154948602,1.871232866,1.430691251,-0.498766483,-0.346988854,1
1.125448899,0.752421461,0.77567297,0.992595391,-0.306379336,-0.599694007,1.676690992,1.513070632,-0.144396946,-0.306379336,1.129549014,0.745940768,0.76866978,0.993910996,-0.306479229,-0.133832378,1.902231837,1.540733679,-0.151405435,-0.306479229,-1
1.024044677,1.049749297,0.872385375,1.09466711,-0.187103958,-0.055195024,1.684336716,1.563813697,0.676973545,-0.187103958,1.024872301,1.051520837,0.867754414,1.099338966,-0.25930772,-0.189332197,1.917800723,1.596001256,-0.460170811,-0.25930772,-1
0.821236233,0.752421461,0.678960564,0.788451953,-0.613149371,0.179910948,1.661399543,1.411584502,0.251399408,-0.613149371,0.816443854,0.745940768,0.669876144,0.783994978,-0.404821295,-0.178592943,1.871232866,1.430691251,-0.338736112,-0.404821295,1
0.821236233,0.653312183,0.582248158,0.482236795,-0.150597527,-0.284233513,1.63846237,1.259355307,0.266288299,-0.150597527,0.816443854,0.644682577,0.571373505,0.471470758,-0.243870058,-0.179666662,1.825081413,1.266859428,-0.344383795,-0.243870058,1
1.024044677,0.85153074,1.162522593,1.09466711,0.271806485,-0.026056973,1.684336716,1.563813697,-1.421119357,0.271806485,1.024872301,0.847499875,1.1667543,1.099338966,-0.031162083,-0.189137514,1.917800723,1.596001256,0.941506856,-0.031162083,-1
1.328257343,0.554202904,1.065810187,0.176021638,1.047904397,-1.422371032,1.615525198,1.107126112,-2.237288425,1.047904397,1.339827417,0.543725301,1.066796674,0.161766305,0.523202732,0.162975222,1.779346364,1.104505786,2.031055227,0.523202732,1
0.517023567,1.148858575,0.969097781,0.686380233,0.245664898,1.324007631,1.653753819,1.360841437,0.670788526,0.245664898,0.50611363,1.153982692,0.967130045,0.67950693,-0.046147486,0.17242718,1.855802781,1.375916401,-0.458999536,-0.046147486,-1
1.024044677,0.455093626,0.678960564,0.584308514,-0.335902565,-1.181087687,1.646108095,1.310098372,-0.971878826,-0.335902565,1.024872301,0.443068941,0.669876144,0.57533219,-0.317382773,0.049364332,1.840418963,1.321305793,0.471877267,-0.317382773,-1
0.922640455,0.85153074,0.872385375,0.992595391,-0.096178913,-0.254988712,1.676690992,1.513070632,-0.148063779,-0.096178913,0.920503915,0.847499875,0.867754414,0.993910996,-0.219987772,-0.182007078,1.902231837,1.540733679,-0.149334733,-0.219987772,-1
0.821236233,0.85153074,0.678960564,0.992595391,-0.686560636,-0.020860758,1.676690992,1.513070632,0.674521693,-0.686560636,0.816443854,0.847499875,0.669876144,0.993910996,-0.423447598,-0.189069017,1.902231837,1.540733679,-0.459708591,-0.423447598,-1
1.226853121,0.85153074,0.969097781,0.890523672,-0.093123962,-0.582430328,1.669045268,1.462327567,-0.555082192,-0.093123962,1.234534052,0.847499875,0.967130045,0.888796333,-0.218616196,-0.137315366,1.886709218,1.485630344,0.118764269,-0.218616196,1
1.024044677,1.247967854,1.162522593,1.09466711,0.384393479,-0.113215241,1.684336716,1.563813697,0.266288299,0.384393479,1.024872301,1.256745463,1.1667543,1.099338966,0.036123571,-0.188762397,1.917800723,1.596001256,-0.344383795,0.036123571,-1
1.024044677,1.148858575,0.872385375,1.09466711,-0.14503742,0.391276025,1.684336716,1.563813697,1.087658791,-0.14503742,1.024872301,1.153982692,0.867754414,1.099338966,-0.241477701,-0.151070885,1.917800723,1.596001256,-0.498766483,-0.241477701,-1
1.226853121,0.950640018,0.969097781,0.992595391,0.444529968,-0.85311075,1.676690992,1.513070632,-0.140751811,0.444529968,1.234534052,0.949359898,0.967130045,0.993910996,0.073889436,-0.069717512,1.902231837,1.540733679,-0.153457785,0.073889436,1
1.936682676,1.049749297,1.646084622,1.196738829,2.642549226,-1.854346054,1.691982441,1.614556762,-2.756811427,2.642549226,1.978062453,1.051520837,1.670907393,1.205080243,2.326976646,0.421439847,1.933415876,1.651433076,2.883387737,2.326976646,-1
-0.395614431,2.338169917,2.516496275,-0.232265238,5.269072839,3.038683274,1.5849423,0.904153852,-1.054770433,5.269072839,-0.408227433,2.406996389,2.596715799,-0.246786661,7.247378837,1.626602121,1.719014038,0.890333658,0.551581903,7.247378837,1
-0.395614431,-0.337780602,-0.288163495,-0.334336957,0.273184959,0.386885145,1.577296576,0.853410787,-0.193831282,0.273184959,-0.408227433,-0.351348964,-0.302055359,-0.348141634,-0.030365217,-0.151814693,1.704046624,0.837201232,-0.122971569,-0.030365217,1
-0.091401765,-0.535999159,-0.191451089,-0.232265238,0.134424505,-0.554788347,1.5849423,0.904153852,-1.483256277,0.134424505,-0.106222014,-0.546944282,-0.206171698,-0.246786661,-0.107227818,-0.142657184,1.719014038,0.890333658,1.013735193,-0.107227818,-1
-0.598422875,-0.238671324,-0.191451089,-0.334336957,0.230584561,0.904770401,1.577296576,0.853410787,-0.201790847,0.230584561,-0.608022749,-0.253099932,-0.206171698,-0.348141634,-0.054682834,-0.01373561,1.704046624,0.837201232,-0.118288812,-0.054682834,1
-0.699827097,-0.139562045,0.001973723,-0.538480396,1.593261841,1.329616718,1.562005127,0.751924658,-0.664251688,1.593261841,-0.707457917,-0.154549983,-0.013531382,-0.549911657,1.039464637,0.175369087,1.674250599,0.731429108,0.203568379,1.039464637,1
-1.206848207,-0.734217716,-0.86843793,-1.048838991,0.246957316,0.349497513,1.523776506,0.498209333,0.649681171,0.246957316,-1.20000887,-0.741335936,-0.871246383,-1.048853833,-0.045412267,-0.15785236,1.600570209,0.469873039,-0.454870554,-0.045412267,1
-1.206848207,-1.13065483,-1.35199996,-1.048838991,-0.820661373,-0.201866438,1.523776506,0.498209333,1.087658791,-0.820661373,-1.20000887,-1.126508254,-1.337569807,-1.048853833,-0.452579459,-0.18542993,1.600570209,0.469873039,-0.498766483,-0.452579459,-1
-1.004039763,-1.229764109,-1.255287554,-1.15091071,-0.54939698,-0.306694977,1.516130781,0.447466268,0.203307814,-0.54939698,-1.003913467,-1.222049044,-1.244887117,-1.147702346,-0.387108148,-0.177649212,1.585972932,0.418054552,-0.319800815,-0.387108148,1
-1.511060873,-1.13065483,-1.255287554,-1.355054148,-0.094924742,1.447435794,-0.565938962,0.525782923,0.64263973,-0.094924742,-1.491839528,-1.126508254,-1.244887117,-1.344459449,-0.219425086,0.239917304,-0.667311327,0.498099882,-0.453447763,-0.219425086,1
-1.612465095,-1.527091944,-1.738849583,-1.559197587,-0.376985846,-0.67071418,-0.56802416,0.423147893,1.087658791,-0.376985846,-1.588499761,-1.506865918,-1.705390591,-1.539963322,-0.332045646,-0.118316769,-0.667848178,0.393279004,-0.498766483,-0.332045646,1
-1.916677761,-1.527091944,-1.738849583,-1.661269306,-0.715369928,-0.049914037,-0.569066758,0.371830378,1.087658791,-0.715369928,-1.876630506,-1.506865918,-1.705390591,-1.637245298,-0.430239446,-0.189320767,-0.668115314,0.341120539,-0.498766483,-0.430239446,1
-1.409656651,-1.82441978,-1.642137177,-1.865412744,-0.231302748,-0.739106418,-0.571151956,0.269195349,-0.686712079,-0.231302748,-1.394870968,-1.78897455,-1.613871891,-1.830869326,-0.277371091,-0.101570021,-0.668647003,0.237307555,0.221692404,-0.277371091,1
-1.206848207,-1.527091944,-1.448712366,-1.457125867,-0.635093389,-0.312862931,-0.566981561,0.474465408,-0.234643067,-0.635093389,-1.20000887,-1.506865918,-1.429961499,-1.442368039,-0.410587632,-0.177061783,-0.667580183,0.445605452,-0.098654441,-0.410587632,-1
-1.409656651,-1.328873387,-1.448712366,-1.252982429,-0.849792574,-0.118347092,-0.564896363,0.577100438,0.646891505,-0.849792574,-1.394870968,-1.317288918,-1.429961499,-1.246237551,-0.458071785,-0.188650637,-0.66704161,0.550762294,-0.454309589,-0.458071785,-1
-1.308252429,-1.427982666,-1.35199996,-1.252982429,-0.384718044,0.106611347,-0.564896363,0.577100438,-0.243119361,-0.384718044,-1.297594082,-1.412227876,-1.337569807,-1.246237551,-0.334738948,-0.184186727,-0.66704161,0.550762294,-0.093508359,-0.334738948,-1
-1.308252429,-1.427982666,-1.448712366,-1.457125867,-0.406854889,-0.201260475,-0.566981561,0.474465408,0.208922741,-0.406854889,-1.297594082,-1.412227876,-1.429961499,-1.442368039,-0.342333458,-0.18546281,-0.667580183,0.445605452,-0.322066181,-0.342333458,1
-1.206848207,-1.427982666,-0.965150336,-1.252982429,-0.411218195,-0.41415145,-0.564896363,0.577100438,-2.027474633,-0.411218195,-1.20000887,-1.412227876,-0.965093063,-1.246237551,-0.343810051,-0.165354442,-0.66704161,0.550762294,1.721850773,-0.343810051,1
-1.713869317,-1.13065483,-1.061862742,-1.559197587,-0.164975082,0.130166999,-0.56802416,0.423147893,-0.256039538,-0.164975082,-1.684851669,-1.126508254,-1.058648745,-1.539963322,-0.25000591,-0.182610955,-0.667848178,0.393279004,-0.085601069,-0.25000591,1
-1.916677761,-1.527091944,-1.738849583,-1.763341025,-0.605664183,0.09897558,-0.570109357,0.320512864,1.087658791,-0.605664183,-1.876630506,-1.506865918,-1.705390591,-1.734213966,-0.402815643,-0.184652434,-0.668381588,0.289130056,-0.498766483,-0.402815643,1
-1.206848207,-1.82441978,-1.255287554,-1.559197587,-0.357881642,-0.767462682,-0.56802416,0.423147893,-2.394125557,-0.357881642,-1.20000887,-1.78897455,-1.244887117,-1.539963322,-0.325301069,-0.094107187,-0.667848178,0.393279004,2.275346484,-0.325301069,-1
-0.395614431,-0.635108438,-0.578300713,-0.538480396,-0.529821068,-0.411091805,-0.557598172,0.936323041,-0.189888235,-0.529821068,-0.408227433,-0.644290567,-0.58796036,-0.549911657,-0.381382302,-0.165764992,-0.665129507,0.924102678,-0.125280596,-0.381382302,-1
-0.294210209,-0.238671324,0.195398534,-0.130193519,0.138022878,-0.246745411,-0.553427777,1.1415931,-1.930429978,0.138022878,-0.307867286,-0.253099932,0.180272924,-0.145118381,-0.105320114,-0.182608267,-0.664017949,1.141135648,1.585649639,-0.105320114,-1
-0.598422875,-0.535999159,-0.675013119,-0.538480396,-0.136286904,-0.355584925,-0.557598172,0.936323041,0.655155892,-0.136286904,-0.608022749,-0.546944282,-0.682680032,-0.549911657,-0.237690584,-0.172597532,-0.665129507,0.924102678,-0.455961093,-0.237690584,1
-0.699827097,-0.535999159,-0.384875901,-0.640552115,-0.122183451,0.220979886,-0.558640771,0.885005526,-0.642352807,-0.122183451,-0.707457917,-0.546944282,-0.397648024,-0.650326707,-0.231530106,-0.174569503,-0.665405246,0.870264391,0.186119747,-0.231530106,1
-1.815273539,-0.833326995,-0.965150336,-1.661269306,0.136837231,0.715100699,-0.569066758,0.371830378,0.636841436,0.136837231,-1.780895251,-0.83808039,-0.965093063,-1.637245298,-0.105949196,-0.076092128,-0.668115314,0.341120539,-0.452259126,-0.105949196,1
-1.409656651,-1.82441978,-1.642137177,-1.967484463,-0.451104674,-0.53878369,-0.572194555,0.217877834,-0.686712079,-0.451104674,-1.394870968,-1.78897455,-1.613871891,-1.927211379,-0.356997761,-0.145617826,-0.668911557,0.185653036,0.221692404,-0.356997761,1
-1.409656651,-1.626201223,-1.448712366,-1.661269306,-0.061987999,-0.225845951,-0.569066758,0.371830378,-0.681043162,-0.061987999,-1.394870968,-1.601203045,-1.429961499,-1.637245298,-0.204449962,-0.18401716,-0.668115314,0.341120539,0.217096187,-0.204449962,1
-0.598422875,-1.328873387,-0.86843793,-1.355054148,0.48964827,-0.78699323,-0.565938962,0.525782923,-1.949352165,0.48964827,-0.608022749,-1.317288918,-0.871246383,-1.344459449,0.103058843,-0.088790037,-0.667311327,0.498099882,1.611868452,0.103058843,-1
-0.395614431,-0.833326995,-0.675013119,-0.742623834,-0.04153082,-0.531298629,-0.55968337,0.833688011,-0.642352807,-0.04153082,-0.408227433,-0.83808039,-0.682680032,-0.75042845,-0.194956779,-0.146969171,-0.665680124,0.816594086,0.186119747,-0.194956779,-1
-0.699827097,-0.436889881,-0.384875901,-0.640552115,0.302437274,0.038041716,-0.558640771,0.885005526,-0.226274068,0.302437274,-0.707457917,-0.449297081,-0.397648024,-0.650326707,-0.013297526,-0.187577712,-0.665405246,0.870264391,-0.103703123,-0.013297526,-1
1.024044677,-0.040452767,0.678960564,0.176021638,0.496682467,-1.156930781,-0.550299981,1.295545644,-3.068525228,0.496682467,1.024872301,-0.055699119,0.669876144,0.161766305,0.107671021,0.039203847,-0.663175247,1.305674189,3.454079939,0.107671021,-1
0.922640455,1.049749297,0.872385375,0.686380233,0.312754309,0.067344601,-0.545086987,1.552133218,0.672040389,0.312754309,0.920503915,1.051520837,0.867754414,0.67950693,-0.007206121,-0.186346446,-0.661753537,1.583264734,-0.459238018,-0.007206121,-1
0.922640455,0.950640018,1.452659811,0.686380233,3.397797931,0.562853165,-0.545086987,1.552133218,-2.405109104,3.397797931,0.920503915,0.949359898,1.468373163,0.67950693,3.493326706,-0.116289555,-0.661753537,1.583264734,2.29287638,3.493326706,-1
-0.902635541,1.743514246,1.93622184,-0.946767272,6.407090868,9.065526745,-0.561768567,0.731052982,-1.123218651,6.407090868,-0.905403277,1.775073055,1.976891218,-0.949692013,10.1325618,15.57161612,-0.6662273,0.709757422,0.619768939,10.1325618,1
-1.206848207,-0.932436273,-0.578300713,-1.355054148,0.627825462,0.831141131,-0.565938962,0.525782923,-1.573897514,0.627825462,-1.20000887,-0.934523927,-0.58796036,-1.344459449,0.196844984,-0.039559917,-0.667311327,0.498099882,1.122266013,0.196844984,1
-0.902635541,-1.328873387,-0.675013119,-1.457125867,1.19211978,-0.03766604,-0.566981561,0.474465408,-2.780690124,1.19211978,-0.905403277,-1.317288918,-0.682680032,-1.442368039,0.649552133,-0.189253608,-0.667580183,0.445605452,2.925532555,0.649552133,1
0.111406679,-0.535999159,0.582248158,-0.436408677,2.114874486,-1.102847757,-0.556555573,0.987640556,-4.837763196,2.114874486,0.096656563,-0.546944282,0.571373505,-0.449183299,1.631105742,0.017257488,-0.664852908,0.978108947,7.535735722,1.631105742,-1
0.111406679,-0.139562045,0.872385375,0.073949919,2.856666743,0.206198145,-0.551342579,1.244228129,-4.679046536,2.856666743,0.096656563,-0.154549983,0.867754414,0.059158102,2.637271221,-0.17609121,-0.663457008,1.250660027,7.111080512,2.637271221,-1
-1.612465095,0.256875069,0.29211094,-1.457125867,4.299775143,3.833580171,-0.566981561,0.474465408,-0.269213051,4.299775143,-1.588499761,0.24265897,0.277611573,-1.442368039,5.149100174,2.678430369,-0.667580183,0.445605452,-0.077460075,5.149100174,1
-2.220890427,-2.220856894,-2.319124018,-2.171627901,-0.924706613,-0.126954598,-0.574279752,0.115242805,0.630890052,-0.924706613,-2.161986316,-2.160906569,-2.248391844,-2.118955562,-0.470825402,-0.188440795,-0.669438085,0.082847945,-0.451023104,-0.470825402,1
-2.119486205,-2.319966172,-2.319124018,-2.375771339,-0.794005048,-0.199663934,-0.57636495,0.012607775,0.186024082,-0.794005048,-2.067176039,-2.253137284,-2.248391844,-2.309446516,-0.447292264,-0.185548774,-0.669961171,-0.019285218,-0.312737056,-0.447292264,1
-2.018081983,-2.121747615,-2.125699207,-1.967484463,-0.939512849,-0.314129803,-0.572194555,0.217877834,0.183077563,-0.939512849,-1.972057435,-2.068374938,-2.068555416,-1.927211379,-0.47311249,-0.176939345,-0.668911557,0.185653036,-0.31151919,-0.47311249,-1
-2.220890427,-2.022638337,-2.222411613,-2.069556182,-0.932993388,-0.059284493,-0.573237154,0.166560319,1.087658791,-0.932993388,-2.161986316,-1.975542391,-2.158619129,-2.023240124,-0.472114942,-0.189333793,-0.669175251,0.134166499,-0.498766483,-0.472114942,1
-2.018081983,-2.220856894,-2.125699207,-2.069556182,-0.980044741,-0.278032591,-0.573237154,0.166560319,-0.264793273,-0.980044741,-1.972057435,-2.160906569,-2.068555416,-2.023240124,-0.478978985,-0.180189966,-0.669175251,0.134166499,-0.080200272,-0.478978985,-1
-2.018081983,-2.022638337,-1.932274395,-1.967484463,-0.906765746,-0.217663874,-0.572194555,0.217877834,-0.256039538,-0.906765746,-1.972057435,-1.975542391,-1.887554999,-1.927211379,-0.467950813,-0.184523685,-0.668911557,0.185653036,-0.085601069,-0.467950813,-1
-1.713869317,-2.022638337,-1.835561989,-1.763341025,-0.599106475,-0.300456379,-0.570109357,0.320512864,-0.721503665,-0.599106475,-1.684851669,-1.975542391,-1.796618294,-1.734213966,-0.401042317,-0.178228714,-0.668381588,0.289130056,0.250222687,-0.401042317,-1
-0.699827097,-1.13065483,-0.86843793,-0.844695553,-0.402235012,-0.036736687,-0.560725968,0.782370497,-1.088456427,-0.402235012,-0.707457917,-1.126508254,-0.871246383,-0.850216885,-0.340762741,-0.189246193,-0.665954142,0.763091763,0.584871395,-0.340762741,-1
-0.801231319,-0.932436273,-0.965150336,-0.844695553,-0.467652726,-0.786663561,-0.560725968,0.782370497,0.225347714,-0.467652726,-0.80658476,-0.934523927,-0.965093063,-0.850216885,-0.362304857,-0.088880988,-0.665954142,0.763091763,-0.328610065,-0.362304857,-1
-0.598422875,-0.734217716,-0.578300713,-0.538480396,0.130516972,0.559543914,-0.557598172,0.936323041,-0.664251688,0.130516972,-0.608022749,-0.741335936,-0.58796036,-0.549911657,-0.109294269,-0.117065821,-0.665129507,0.924102678,0.203568379,-0.109294269,-1
-1.206848207,-0.932436273,-0.965150336,-1.048838991,0.188874991,0.19263461,-0.562811166,0.679735467,0.206124219,0.188874991,-1.20000887,-0.934523927,-0.965093063,-1.048853833,-0.077873629,-0.177414716,-0.666499597,0.656591064,-0.320938909,-0.077873629,1
-1.105443985,-1.328873387,-1.255287554,-1.252982429,-0.614899156,-0.478931455,-0.564896363,0.577100438,-0.230445284,-0.614899156,-1.102115331,-1.317288918,-1.244887117,-1.246237551,-0.405287307,-0.155830051,-0.66704161,0.550762294,-0.101190803,-0.405287307,1
-1.409656651,-1.328873387,-1.448712366,-1.355054148,-0.558909242,-0.319261654,-0.565938962,0.525782923,0.651062804,-0.558909242,-1.394870968,-1.317288918,-1.429961499,-1.344459449,-0.389841781,-0.176437152,-0.667311327,0.498099882,-0.455147063,-0.389841781,1
-0.801231319,-1.229764109,-0.965150336,-0.946767272,-0.193400314,-0.079556011,-0.561768567,0.731052982,-1.088456427,-0.193400314,-0.80658476,-1.222049044,-0.965093063,-0.949692013,-0.261922905,-0.189248204,-0.6662273,0.709757422,0.584871395,-0.261922905,-1
-0.699827097,-0.833326995,-0.86843793,-0.844695553,0.034356916,-0.543030144,-0.560725968,0.782370497,0.214466817,0.034356916,-0.707457917,-0.83808039,-0.871246383,-0.850216885,-0.158455408,-0.144841744,-0.665954142,0.763091763,-0.324288804,-0.158455408,-1
-0.801231319,-0.535999159,-0.675013119,-0.946767272,0.713660515,-0.089030077,-0.561768567,0.731052982,0.648290766,0.713660515,-0.80658476,-0.546944282,-0.682680032,-0.949692013,0.258485387,-0.189154847,-0.6662273,0.709757422,-0.454591407,0.258485387,1
-1.409656651,-0.833326995,-0.675013119,-1.15091071,0.29043898,0.456310347,-0.563853765,0.628417952,-0.664251688,0.29043898,-1.394870968,-0.83808039,-0.682680032,-1.147702346,-0.020334506,-0.139199317,-0.666771034,0.603592688,0.203568379,-0.020334506,1
-1.004039763,-1.229764109,-1.158575148,-1.048838991,-0.506901761,-0.336148568,-0.562811166,0.679735467,-0.243119361,-0.506901761,-1.003913467,-1.222049044,-1.15191343,-1.048853833,-0.374507281,-0.174714232,-0.666499597,0.656591064,-0.093508359,-0.374507281,-1
-1.612465095,-1.13065483,-1.35199996,-1.457125867,-0.348515993,0.439746822,-0.480985138,1.16785797,1.087658791,-0.348515993,-1.588499761,-1.126508254,-1.337569807,-1.442368039,-0.321947723,-0.142374882,-0.642513067,1.169099567,-0.498766483,-0.321947723,1
-1.409656651,-1.725310501,-1.448712366,-1.661269306,-0.326363212,-0.711612004,-0.483621595,1.060778116,-1.109181334,-0.326363212,-1.394870968,-1.695239255,-1.429961499,-1.637245298,-0.31389321,-0.108515294,-0.643368541,1.055368818,0.605610405,-0.31389321,1
-1.004039763,-1.328873387,-1.061862742,-1.15091071,-0.302733155,-0.137857231,-0.477030453,1.32847775,-1.102229308,-0.302733155,-1.003913467,-1.317288918,-1.058648745,-1.147702346,-0.305111353,-0.188134726,-0.64121954,1.341067042,0.598631738,-0.305111353,-1
-0.902635541,-1.031545552,-1.158575148,-1.048838991,0.061786141,-0.130497758,-0.475712225,1.382017677,0.656503253,0.061786141,-0.905403277,-1.030666549,-1.15191343,-1.048853833,-0.144763893,-0.188346265,-0.640785614,1.398755228,-0.456227378,-0.144763893,-1
-0.598422875,-0.734217716,-0.481588307,-0.538480396,0.48986022,0.648359946,-0.469121083,1.649717311,-1.088456427,0.48986022,-0.608022749,-0.741335936,-0.492949691,-0.549911657,0.10319756,-0.094793969,-0.638595353,1.689938858,0.584871395,0.10319756,-1
-0.395614431,-0.833326995,-0.675013119,-0.538480396,-0.073583109,-0.666574476,-0.469121083,1.649717311,-0.636963363,-0.073583109,-0.408227433,-0.83808039,-0.682680032,-0.549911657,-0.209765342,-0.119273581,-0.638595353,1.689938858,0.18185919,-0.209765342,-1
-0.497018653,-0.337780602,-0.288163495,-0.538480396,2.147229562,1.151965815,-0.469121083,1.649717311,-0.213917333,2.147229562,-0.508279254,-0.351348964,-0.302055359,-0.549911657,1.670956122,0.087979773,-0.638595353,1.689938858,-0.111098842,1.670956122,-1
-0.902635541,-0.734217716,-0.675013119,-0.742623834,1.264936628,0.495884784,-0.47175754,1.542637457,1.087658791,1.264936628,-0.905403277,-0.741335936,-0.682680032,-0.75042845,0.71612688,-0.131191461,-0.639475583,1.572916865,-0.498766483,0.71612688,1
