2017-6-6,-0.837184968,-0.967793314,-0.236072901,-1.181327529,-1.506704653,-0.842755948,-0.47776569,-0.183147243,-0.676135807,-1.453388419,-0.847758295,-0.252395704,-0.08268191,-0.614798161,-1.401620341,-1
2017-6-2,-0.531529565,-0.583650443,-0.446413238,-1.184019147,-1.374501235,-0.542995,-0.396923648,-0.160369876,-0.675528506,-1.334461687,-0.554029047,-0.240567296,-0.083877934,-0.614898719,-1.294958466,-1
2017-5-31,-0.429644431,-0.742129471,0.131573008,-1.184916353,-1.330433429,-0.442449205,-0.436552972,-0.182713864,-0.675324805,-1.294571292,-0.454890323,-0.247256584,-0.082406001,-0.61493266,-1.258958231,1
2017-5-26,-0.735299834,-0.182916897,0.430327135,-1.182224735,-1.462636847,-0.743148372,-0.257378906,-0.144655348,-0.675934007,-1.413870251,-0.750461115,-0.207456526,-0.080008594,-0.614831471,-1.366288825,1
2017-5-19,-1.040955237,-0.574310306,-0.370811993,-1.179533118,-1.594840266,-1.041032881,-0.394312902,-0.170485843,-0.676537506,-1.532052527,-1.040524539,-0.240076714,-0.083247509,-0.614732167,-1.471619529,-1
2017-5-18,-0.837184968,-0.881177949,-0.607947767,-1.181327529,-1.506704653,-0.842755948,-0.464061359,-0.1315006,-0.676135807,-1.453388419,-0.847758295,-0.250933574,-0.086295179,-0.614798161,-1.401620341,-1
2017-5-17,-0.429644431,-0.783381876,-0.140794125,-1.184916353,-1.330433429,-0.442449205,-0.445422238,-0.187949848,-0.675324805,-1.294571292,-0.454890323,-0.248538975,-0.082564793,-0.61493266,-1.258958231,1
2017-5-16,-0.939070102,-0.704312372,0.334324158,-1.180430324,-1.55077246,-0.942050784,-0.427897407,-0.160571735,-0.676336973,-1.492782511,-0.944445464,-0.245924429,-0.081237828,-0.61476506,-1.436730343,-1
2017-5-15,-0.837184968,-0.739158698,-0.571641889,-1.181327529,-1.506704653,-0.842755948,-0.435891194,-0.138850232,-0.676135807,-1.453388419,-0.847758295,-0.247157481,-0.085604599,-0.614798161,-1.401620341,1
2017-5-12,-0.939070102,-0.744635712,0.109578348,-1.180430324,-1.55077246,-0.942050784,-0.437108859,-0.184179653,-0.676336973,-1.492782511,-0.944445464,-0.24733947,-0.082451383,-0.61476506,-1.436730343,1
2017-5-11,-1.34661064,-0.441265632,-0.185930228,-1.1768415,-1.727043684,-1.336102735,-0.353799088,-0.18610337,-0.677135303,-1.649118121,-1.325132386,-0.231766928,-0.082600351,-0.614634731,-1.57496915,-1
2017-5-9,-0.327759296,-0.806487182,0.324127219,-1.185813558,-1.286365623,-0.34159067,-0.450128852,-0.162057194,-0.675120471,-1.25455682,-0.355133913,-0.24918358,-0.081338236,-0.614966812,-1.222733695,-1
2017-5-8,-0.225874162,-0.750685809,-0.095557482,-1.186710764,-1.242297816,-0.240419396,-0.438441692,-0.189026168,-0.674915503,-1.214418273,-0.254757901,-0.247536859,-0.082552398,-0.615001175,-1.186284163,-1
2017-5-5,-0.022103894,-0.496993574,0.005651574,-1.188505176,-1.154162204,-0.037138628,-0.371525303,-0.18862712,-0.674503666,-1.13376895,-0.052139394,-0.235558561,-0.082545916,-0.615070542,-1.112707323,-1
2017-5-4,-0.022103894,-0.559111632,-0.64411069,-1.188505176,-1.154162204,-0.037138628,-0.389999117,-0.123683566,-0.674503666,-1.13376895,-0.052139394,-0.23925361,-0.087079436,-0.615070542,-1.112707323,-1
2017-5-3,0.385436644,-0.719870221,-0.174251897,-1.192093999,-0.97789098,0.373175784,-0.431519072,-0.186655122,-0.67367239,-0.970981395,0.360617261,-0.246491212,-0.082588247,-0.61521185,-0.962823038,-1
2017-5-2,0.385436644,-0.73295216,-0.356499204,-1.192093999,-0.97789098,0.373175784,-0.43449861,-0.172157258,-0.67367239,-0.970981395,0.360617261,-0.246947429,-0.083156933,-0.61521185,-0.962823038,-1
2017-4-28,0.487321778,-0.768794597,-0.127097143,-1.192991205,-0.933823173,0.476536236,-0.442354252,-0.18835756,-0.673462987,-0.929974316,0.465384206,-0.248105181,-0.082559148,-0.615247717,-0.924779027,1
2017-4-27,0.181666375,-0.109873545,-0.688935748,-1.190299587,-1.066026592,0.167393099,-0.225868809,-0.113306557,-0.674089295,-1.052623324,0.152980545,-0.198315877,-0.088194528,-0.615140765,-1.038222139,-1
2017-4-26,0.691092047,-0.624918812,-0.895997543,-1.194785616,-0.845687561,0.684195359,-0.408092323,-0.055493669,-0.67304228,-0.847587932,0.676824863,-0.242599747,-0.095733091,-0.615320104,-0.847998601,-1
2017-4-25,0.894862315,-0.640369707,-0.674208233,-1.196580028,-0.757551949,0.89310544,-0.412120046,-0.11679993,-0.672619038,-0.764705243,0.890820663,-0.243305595,-0.087810049,-0.615393366,-0.770290326,1
2017-4-24,0.691092047,0.362942361,-0.174721607,-1.194785616,-0.845687561,0.684195359,0.02340345,-0.186633928,-0.67304228,-0.847587932,0.676824863,-0.109240177,-0.082588691,-0.615320104,-0.847998601,-1
2017-4-21,0.99674745,-0.334755185,0.242052151,-1.197477234,-0.713484143,0.99802959,-0.316886421,-0.172579318,-0.672406467,-0.723077785,0.998781538,-0.223158771,-0.081967179,-0.615430326,-0.731086504,1
2017-4-20,0.894862315,-0.304049744,-0.659483859,-1.196580028,-0.757551949,0.89310544,-0.305505437,-0.120210426,-0.672619038,-0.764705243,0.890820663,-0.220322778,-0.087443517,-0.615393366,-0.770290326,-1
2017-4-19,0.894862315,0.158273474,-0.480515094,-1.196580028,-0.757551949,0.89310544,-0.094133341,-0.155098275,-0.672619038,-0.764705243,0.890820663,-0.154675377,-0.084256248,-0.615393366,-0.770290326,-1
2017-4-18,1.404287987,-0.435913132,-0.426132467,-1.201066057,-0.537212918,1.420853588,-0.35203915,-0.163296071,-0.671549847,-0.555327195,1.437089624,-0.23137791,-0.083681996,-0.615580382,-0.571923729,-1
2017-4-14,1.811828524,1.467121845,-0.70851274,-1.20465488,-0.360941693,1.848681419,0.911196891,-0.108535693,-0.670683089,-0.38559139,1.885833131,0.379915279,-0.088734007,-0.61573401,-0.408971542,1
2017-4-13,1.608058255,2.544553193,3.714404375,-1.202860469,-0.449077306,1.634142024,2.190091712,2.502167866,-0.671117735,-0.470707444,1.660149277,1.40904537,1.106240712,-0.615656747,-0.490924098,1
2017-4-12,1.506173121,0.106862014,-0.609287775,-1.201963263,-0.493145112,1.527341436,-0.121346765,-0.13121978,-0.671334108,-0.513079357,1.548292385,-0.164359914,-0.086322484,-0.615618452,-0.531542681,1
2017-4-11,1.404287987,0.369528826,-1.483960797,-1.201066057,-0.537212918,1.420853588,0.027430158,0.197200411,-0.671549847,-0.555327195,1.437089624,-0.10758525,-0.147249324,-0.615580382,-0.571923729,-1
2017-4-10,1.404287987,1.186721383,0.129367415,-1.201066057,-0.537212918,1.420853588,0.645199398,-0.182869118,-0.671549847,-0.555327195,1.437089624,0.210131455,-0.082411072,-0.615580382,-0.571923729,-1
2017-4-7,1.70994339,2.795542839,1.668841262,-1.203757674,-0.405009499,1.741255352,2.546540418,0.37371196,-0.670900729,-0.428211455,1.77266222,1.749459811,0.031192866,-0.615695266,-0.450067284,-1
2017-4-6,1.70994339,0.71876471,0.188104674,-1.203757674,-0.405009499,1.741255352,0.262752731,-0.178105665,-0.670900729,-0.428211455,1.77266222,-0.000695683,-0.082230713,-0.615695266,-0.450067284,1
2017-4-5,1.506173121,0.596530395,0.017395884,-1.201963263,-0.493145112,1.527341436,0.175517935,-0.188329573,-0.671334108,-0.513079357,1.548292385,-0.042560344,-0.08254241,-0.615618452,-0.531542681,1
2017-3-31,1.200517718,1.319853855,1.671623388,-1.199271645,-0.62534853,1.20881611,0.768051807,0.375530451,-0.671979424,-0.639450642,1.216638827,0.286358063,0.031744356,-0.61550491,-0.651976007,-1
2017-3-30,1.200517718,0.705503982,-0.227322793,0.456767427,-0.379557796,1.20881611,0.253035301,-0.183731696,0.012030063,-0.403611042,1.216638827,-0.005482725,-0.082663793,-0.236097556,-0.426361311,1
2017-3-29,1.098632584,1.828389281,0.571855808,0.452765109,-0.424352794,1.10326648,1.294599618,-0.114824281,0.007774818,-0.446880088,1.107386953,0.653775254,-0.077075535,-0.239417721,-0.468030513,-1
2017-3-28,1.404287987,-0.247984976,-1.487358729,0.464772063,-0.289967801,1.420853588,-0.283871062,0.199041338,0.020578376,-0.316688336,1.437089624,-0.214709414,-0.14771208,-0.229398055,-0.342280294,-1
2017-3-27,1.70994339,0.06117021,0.08656415,0.476779017,-0.155582808,1.741255352,-0.144753795,-0.185517206,0.033495407,-0.185342743,1.77266222,-0.172421495,-0.082487518,-0.219200002,-0.214291258,1
2017-3-24,1.506173121,1.165273069,1.646673799,0.468774381,-0.245172803,1.527341436,0.625989249,0.359327315,0.024871445,-0.273034677,1.548292385,0.198564974,0.026861937,-0.226018602,-0.299867015,1
2017-3-22,0.99674745,-0.17831148,0.330965499,0.448762791,-0.469147792,0.99802959,-0.255447507,-0.161065364,0.003532182,-0.490020929,0.998781538,-0.206912016,-0.081271489,-0.24271824,-0.509453152,-1
2017-3-21,1.098632584,-0.789069606,0.104603197,0.452765109,-0.424352794,1.10326648,-0.446598234,-0.1844858,0.007774818,-0.446880088,1.107386953,-0.248702433,-0.082460124,-0.239417721,-0.468030513,1
2017-3-20,0.99674745,-0.72343483,-0.44508894,0.448762791,-0.469147792,0.99802959,-0.432336901,-0.160565705,0.003532182,-0.490020929,0.998781538,-0.24661735,-0.083864498,-0.24271824,-0.509453152,-1
2017-3-16,1.404287987,-0.000156067,-0.602983613,0.464772063,-0.289967801,1.420853588,-0.175018007,-0.132534993,0.020578376,-0.316688336,1.437089624,-0.182463292,-0.086195174,-0.229398055,-0.342280294,1
2017-3-15,1.200517718,0.095298187,1.09756448,0.456767427,-0.379557796,1.20881611,-0.127339966,0.062417398,0.012030063,-0.403611042,1.216638827,-0.166448002,-0.04854404,-0.236097556,-0.426361311,-1
2017-3-14,1.200517718,-0.45691128,-0.357223405,0.456767427,-0.379557796,1.20881611,-0.358885814,-0.172074552,0.012030063,-0.403611042,1.216638827,-0.232878721,-0.083161315,-0.236097556,-0.426361311,1
2017-3-13,0.894862315,-0.232285053,0.458625958,0.444760473,-0.513942789,0.89310544,-0.277614969,-0.139297461,-0.000697846,-0.533033566,0.890820663,-0.213033521,-0.079537803,-0.245999172,-0.550629959,-1
2017-3-10,1.098632584,-0.335224506,-0.377039179,0.452765109,-0.424352794,1.10326648,-0.317057807,-0.169734422,0.007774818,-0.446880088,1.107386953,-0.223200845,-0.08328958,-0.239417721,-0.468030513,1
2017-3-9,0.99674745,-0.320627649,-0.176275262,0.448762791,-0.469147792,0.99802959,-0.311691156,-0.186563227,0.003532182,-0.490020929,0.998781538,-0.221874414,-0.082590183,-0.24271824,-0.509453152,-1
2017-3-8,1.098632584,-0.414635626,0.693460312,0.452765109,-0.424352794,1.10326648,-0.344943498,-0.083132528,0.007774818,-0.446880088,1.107386953,-0.229787122,-0.073233471,-0.239417721,-0.468030513,-1
2017-3-7,1.098632584,-0.454936618,-0.576441095,0.452765109,-0.424352794,1.10326648,-0.358248549,-0.137907336,0.007774818,-0.446880088,1.107386953,-0.232740467,-0.08569055,-0.239417721,-0.468030513,-1
2017-3-6,1.098632584,-0.492084854,0.764535694,0.452765109,-0.424352794,1.10326648,-0.370007702,-0.062015629,0.007774818,-0.446880088,1.107386953,-0.235243149,-0.070320536,-0.239417721,-0.468030513,1
2017-3-3,0.99674745,-0.222092475,0.063948971,0.448762791,-0.469147792,0.99802959,-0.273507112,-0.186636129,0.003532182,-0.490020929,0.998781538,-0.21192056,-0.082513268,-0.24271824,-0.509453152,-1
2017-3-2,1.302402853,-0.277177095,-1.009118999,0.460769745,-0.334762799,1.314678479,-0.295273474,-0.017049721,0.016297915,-0.360213791,1.326539078,-0.21770363,-0.10180295,-0.232757687,-0.384444816,-1
2017-3-1,1.404287987,0.193340094,-0.040491498,0.464772063,-0.289967801,1.420853588,-0.07503935,-0.189290287,0.020578376,-0.316688336,1.437089624,-0.14768584,-0.082550883,-0.229398055,-0.342280294,1
2017-2-28,1.302402853,-0.487611932,-0.24736164,0.460769745,-0.334762799,1.314678479,-0.368617469,-0.182350382,0.016297915,-0.360213791,1.326539078,-0.23495267,-0.082708016,-0.232757687,-0.384444816,-1
2017-2-27,1.404287987,0.783532678,-2.610360438,0.464772063,-0.289967801,1.420853588,0.311101668,1.047033147,0.020578376,-0.316688336,1.437089624,0.023569164,-0.452663997,-0.229398055,-0.342280294,1
2017-2-24,1.302402853,2.682412403,4.619696491,0.460769745,-0.334762799,1.314678479,2.383137935,3.950088998,0.016297915,-0.360213791,1.326539078,1.590789526,2.184825287,-0.232757687,-0.384444816,-1
2017-2-23,1.404287987,0.0925509,0.241214843,0.464772063,-0.289967801,1.420853588,-0.128756905,-0.172673513,0.020578376,-0.316688336,1.437089624,-0.166939282,-0.081972096,-0.229398055,-0.342280294,-1
2017-2-21,1.608058255,0.552007106,0.24100905,0.472776699,-0.200377806,1.634142024,0.145046358,-0.172696624,0.029177122,-0.229252812,1.660149277,-0.05658047,-0.0819733,-0.222619271,-0.257204247,1
2017-2-20,1.200517718,1.394809612,1.593716011,0.456767427,-0.379557796,1.20881611,0.839957655,0.325716075,0.012030063,-0.403611042,1.216638827,0.332732756,0.016963467,-0.236097556,-0.426361311,1
2017-2-17,1.098632584,0.474685584,-1.814859396,0.452765109,-0.424352794,1.10326648,0.09378157,0.396998751,0.007774818,-0.446880088,1.107386953,-0.079432722,-0.203423695,-0.239417721,-0.468030513,1
2017-2-16,0.99674745,0.964183158,0.603797628,0.448762791,-0.469147792,0.99802959,0.453738728,-0.107042239,0.003532182,-0.490020929,0.998781538,0.099320356,-0.076195684,-0.24271824,-0.509453152,-1
2017-2-14,0.99674745,0.104301498,-0.192306653,0.448762791,-0.469147792,0.99802959,-0.122677854,-0.185780307,0.003532182,-0.490020929,0.998781538,-0.16482509,-0.082607946,-0.24271824,-0.509453152,1
2017-2-10,0.691092047,0.991039843,1.531497561,0.436755836,-0.603532785,0.684195359,0.475922353,0.287584491,-0.009120078,-0.618674226,0.676824863,0.11163857,0.006119288,-0.252502505,-0.632249009,-1
2017-2-9,0.691092047,2.276388614,0.340812119,0.436755836,-0.603532785,0.684195359,1.833689775,-0.159606086,-0.009120078,-0.618674226,0.676824863,1.090485799,-0.081171142,-0.252502505,-0.632249009,1
2017-2-8,0.385436644,-0.472716561,-0.061017335,0.424748882,-0.737917778,0.373175784,-0.363937181,-0.18932611,-0.021658865,-0.746173682,0.360617261,-0.233964039,-0.08255096,-0.262112056,-0.752852141,-1
2017-2-7,0.487321778,-0.918972699,-0.132959872,0.4287512,-0.69312278,0.476536236,-0.470365161,-0.188191746,-0.017491878,-0.703802068,0.465384206,-0.251640759,-0.082561325,-0.258928188,-0.712893514,-1
2017-2-6,0.487321778,-0.702535655,-0.553574566,0.4287512,-0.69312278,0.476536236,-0.427478404,-0.14232166,-0.017491878,-0.703802068,0.465384206,-0.245858002,-0.085295098,-0.258928188,-0.712893514,-1
2017-2-3,0.487321778,-0.855116236,-0.459626372,0.4287512,-0.69312278,0.476536236,-0.459422384,-0.158379611,-0.017491878,-0.703802068,0.465384206,-0.250378351,-0.084017041,-0.258928188,-0.712893514,-1
2017-1-26,0.691092047,-0.556560693,-0.615491397,0.436755836,-0.603532785,0.684195359,-0.389267145,-0.129910846,-0.009120078,-0.618674226,0.676824863,-0.239112415,-0.086450624,-0.252502505,-0.632249009,1
2017-1-25,0.589206912,-0.701517195,0.421712128,0.432753518,-0.648327782,0.580209427,-0.427237721,-0.14622622,-0.013312282,-0.661302249,0.570786101,-0.245819765,-0.080141495,-0.255725024,-0.672692713,-1
2017-1-24,0.589206912,-0.624130224,-0.056697263,0.432753518,-0.648327782,0.580209427,-0.407884507,-0.18933183,-0.013312282,-0.661302249,0.570786101,-0.242562931,-0.082550957,-0.255725024,-0.672692713,-1
2017-1-19,0.385436644,-0.355703847,0.008623783,0.424748882,-0.737917778,0.373175784,-0.324461103,-0.188556756,-0.021658865,-0.746173682,0.360617261,-0.225000044,-0.082545143,-0.262112056,-0.752852141,1
2017-1-18,0.283551509,-0.478597447,0.041267812,0.420746564,-0.782712775,0.270128071,-0.365794326,-0.187563739,-0.025813245,-0.788417091,0.256483347,-0.234358297,-0.082530935,-0.265276687,-0.792569328,1
2017-1-13,0.079781241,-0.371285641,0.153110526,0.412741928,-0.872302771,0.064970866,-0.3299953,-0.181100969,-0.034084179,-0.872519296,0.050106937,-0.226321432,-0.082349904,-0.271548467,-0.871282304,-1
2017-1-12,0.181666375,-0.591204285,-0.330404404,0.416744246,-0.827507773,0.167393099,-0.399012689,-0.175004848,-0.029955016,-0.830532296,0.152980545,-0.240955678,-0.083012658,-0.268422137,-0.832045805,-1
2017-1-11,0.181666375,0.480651076,-1.391522271,0.416744246,-0.827507773,0.167393099,0.097662017,0.148797014,-0.029955016,-0.830532296,0.152980545,-0.077735854,-0.135485375,-0.268422137,-0.832045805,1
2017-1-10,0.079781241,2.445901487,2.707157009,0.412741928,-0.872302771,0.064970866,2.056044,1.256027942,-0.034084179,-0.872519296,0.050106937,1.28659274,0.385268484,-0.271548467,-0.871282304,1
2017-1-6,0.079781241,-0.747328724,-0.420145634,0.412741928,-0.872302771,0.064970866,-0.437703715,-0.164130093,-0.034084179,-0.872519296,0.050106937,-0.247427802,-0.083628088,-0.271548467,-0.871282304,-1
2017-1-5,0.181666375,-0.556013152,-0.334803021,0.416744246,-0.827507773,0.167393099,-0.389109734,-0.174542924,-0.029955016,-0.830532296,0.152980545,-0.239081994,-0.083035166,-0.268422137,-0.832045805,1
2017-1-4,0.079781241,-0.635395537,0.033422563,0.412741928,-0.872302771,0.064970866,-0.410832532,-0.187839235,-0.034084179,-0.872519296,0.050106937,-0.243081561,-0.082535426,-0.271548467,-0.871282304,1
2017-1-3,-0.123989028,-0.896611284,0.111408487,0.404737292,-0.961892766,-0.138935381,-0.466696071,-0.184064677,-0.042304681,-0.956108682,-0.153760367,-0.251235968,-0.082448032,-0.277743996,-0.949038295,1
2016-12-30,-0.225874162,-0.827641771,0.088102096,-0.703097103,-1.006687764,-0.240419396,-0.454273744,-0.185434078,-0.693524675,-0.997711069,-0.254757901,-0.249729594,-0.082485434,-0.610190269,-0.987559251,-1
2016-12-29,-0.225874162,-0.930351352,-0.120466226,-0.703097103,-1.006687764,-0.240419396,-0.472164793,-0.18852941,-0.693524675,-0.997711069,-0.254757901,-0.25183211,-0.08255708,-0.610190269,-0.987559251,-1
2016-12-28,-0.225874162,-0.761933563,-0.21644564,-0.703097103,-1.006687764,-0.240419396,-0.440885413,-0.184417789,-0.693524675,-0.997711069,-0.254757901,-0.247893786,-0.082643707,-0.610190269,-0.987559251,-1
2016-12-27,-0.225874162,-0.918134625,-0.474716773,-0.703097103,-1.006687764,-0.240419396,-0.470230815,-0.156025685,-0.693524675,-0.997711069,-0.254757901,-0.251626281,-0.084187424,-0.610190269,-0.987559251,1
2016-12-26,-0.429644431,-0.443819763,-0.019043523,-0.704287961,-1.096277759,-0.442449205,-0.354635359,-0.189082351,-0.693704943,-1.080531228,-0.454890323,-0.231950997,-0.082549893,-0.610210295,-1.06389074,-1
2016-12-23,-0.022103894,-0.079426709,-0.303938862,-0.701906245,-0.917097768,-0.037138628,-0.21218127,-0.177629441,-0.69334329,-0.914378091,-0.052139394,-0.194179125,-0.082891792,-0.610169994,-0.910279557,-1
2016-12-21,-0.429644431,2.104899482,3.631471576,-0.704287961,-1.096277759,-0.442449205,1.619008362,2.385047429,-0.693704943,-1.080531228,-0.454890323,0.909782374,1.029495794,-0.610210295,-1.06389074,1
2016-12-20,-0.531529565,-0.684487528,-0.144396279,-0.70488339,-1.141072757,-0.542995,-0.42315931,-0.187830823,-0.693794659,-1.121749001,-0.554029047,-0.245163123,-0.082566618,-0.610220216,-1.101702736,-1
2016-12-19,-0.429644431,-0.731062103,0.071126573,-0.704287961,-1.096277759,-0.442449205,-0.434071844,-0.186301991,-0.693704943,-1.080531228,-0.454890323,-0.24688265,-0.082506049,-0.610210295,-1.06389074,1
2016-12-15,-0.531529565,-0.581374074,-0.445849272,-0.70488339,-1.141072757,-0.542995,-0.396290182,-0.160453353,-0.693794659,-1.121749001,-0.554029047,-0.240448791,-0.083872201,-0.610220216,-1.101702736,-1
2016-12-14,-0.429644431,-0.554078398,-0.676402829,-0.704287961,-1.096277759,-0.442449205,-0.388552676,-0.11628458,-0.693704943,-1.080531228,-0.454890323,-0.238974172,-0.087866198,-0.610210295,-1.06389074,-1
2016-12-13,-0.327759296,-0.548994081,-0.121025479,-0.703692532,-1.051482761,-0.34159067,-0.387082526,-0.188515559,-0.693614948,-1.039185251,-0.355133913,-0.238688398,-0.082557239,-0.610200313,-1.025843155,-1
2016-12-9,0.487321778,-0.475309003,-0.426914793,-0.6989291,-0.69312278,0.476536236,-0.364757354,-0.163186083,-0.692884945,-0.703802068,0.465384206,-0.234138473,-0.083689171,-0.610118207,-0.712893514,-1
2016-12-8,0.589206912,-0.657536659,-0.293655522,-0.698333671,-0.648327782,0.580209427,-0.416496815,-0.17857767,-0.692792438,-0.661302249,0.570786101,-0.244055774,-0.082851218,-0.61010766,-0.672692713,1
2016-12-7,0.487321778,-0.462332423,-0.208226508,-0.6989291,-0.69312278,0.476536236,-0.360628293,-0.184906497,-0.692884945,-0.703802068,0.465384206,-0.23325523,-0.082630222,-0.610118207,-0.712893514,-1
2016-12-6,0.589206912,-0.066151615,-1.29396721,-0.698333671,-0.648327782,0.580209427,-0.206111495,0.101224838,-0.692792438,-0.661302249,0.570786101,-0.192313426,-0.124716839,-0.61010766,-0.672692713,-1
2016-12-5,0.589206912,0.337583035,0.183542678,-0.698333671,-0.648327782,0.580209427,0.008041953,-0.17852244,-0.692792438,-0.661302249,0.570786101,-0.115495757,-0.082248379,-0.61010766,-0.672692713,-1
2016-12-2,0.894862315,1.058472089,-0.366290842,-0.696547384,-0.513942789,0.89310544,0.532737483,-0.171022197,-0.692513245,-0.533033566,0.890820663,0.143821038,-0.083217987,-0.610075636,-0.550629959,1
2016-12-1,0.792977181,0.490356773,0.966936525,-0.697142813,-0.558737787,0.78849403,0.1040021,0.00860209,-0.692606589,-0.575917998,0.783502411,-0.074951691,-0.058842918,-0.610086374,-0.591561668,-1
2016-11-29,0.99674745,1.864632397,0.949844753,-0.695951955,-0.469147792,0.99802959,1.335592369,0.002038906,-0.692419623,-0.490020929,0.998781538,0.684944305,-0.06001227,-0.610064832,-0.509453152,1
2016-11-28,0.894862315,1.052785956,0.877476492,-0.696547384,-0.513942789,0.89310544,0.527884993,-0.024524121,-0.692513245,-0.533033566,0.890820663,0.141037207,-0.064538133,-0.610075636,-0.550629959,1
2016-11-25,0.487321778,0.247458933,-0.454036985,-0.6989291,-0.69312278,0.476536236,-0.044724056,-0.159229598,-0.692884945,-0.703802068,0.465384206,-0.136268967,-0.083957067,-0.610118207,-0.712893514,-1
2016-11-24,0.487321778,0.046404141,-0.266115461,-0.6989291,-0.69312278,0.476536236,-0.152161461,-0.180919861,-0.692884945,-0.703802068,0.465384206,-0.174919723,-0.082758681,-0.610118207,-0.712893514,-1
2016-11-23,0.487321778,0.28374515,-0.082386763,-0.6989291,-0.69312278,0.476536236,-0.023822067,-0.189193846,-0.692884945,-0.703802068,0.465384206,-0.128174624,-0.082551394,-0.610118207,-0.712893514,-1
2016-11-22,0.487321778,0.160727036,0.204956093,-0.6989291,-0.69312278,0.476536236,-0.092811408,-0.17649781,-0.692884945,-0.703802068,0.465384206,-0.154196578,-0.082159507,-0.610118207,-0.712893514,1
2016-11-18,0.385436644,0.413437528,-1.971106158,-0.699524529,-0.737917778,0.373175784,0.054663426,0.50575706,-0.692977172,-0.746173682,0.360617261,-0.09622987,-0.238569064,-0.610128691,-0.752852141,-1
2016-11-16,0.181666375,2.151223433,1.662929834,-0.700715387,-0.827507773,0.167393099,1.675981948,0.369857787,-0.693160789,-0.830532296,0.152980545,0.956888593,0.030026961,-0.610149468,-0.832045805,-1
2016-11-15,0.385436644,0.985376058,0.276204277,-0.699524529,-0.737917778,0.373175784,0.471222995,-0.168510948,-0.692977172,-0.746173682,0.360617261,0.109017366,-0.081742096,-0.610128691,-0.752852141,1
2016-11-9,-0.735299834,0.251761047,-0.779281789,-0.706074248,-1.230662752,-0.743148372,-0.042270058,-0.090078524,-0.693973253,-1.203799932,-0.750461115,-0.135327951,-0.09096944,-0.610239872,-1.176622892,-1
2016-11-8,-0.633414699,-0.187399397,-0.046058892,-0.705478819,-1.185867754,-0.643228056,-0.259251606,-0.189315776,-0.693884096,-1.162838569,-0.652552005,-0.207982479,-0.082550939,-0.610230074,-1.139279876,-1
2016-11-4,-0.633414699,-0.084121521,-0.717949346,-0.705478819,-1.185867754,-0.643228056,-0.214313071,-0.106184161,-0.693884096,-1.162838569,-0.652552005,-0.194829863,-0.089005892,-0.610230074,-1.139279876,-1
2016-11-2,-0.633414699,-0.148102498,-0.106253978,-0.705478819,-1.185867754,-0.643228056,-0.242593984,-0.188841638,-0.693884096,-1.162838569,-0.652552005,-0.203235291,-0.082553881,-0.610230074,-1.139279876,-1
2016-10-31,-0.633414699,-0.572892764,-0.15412665,-0.705478819,-1.185867754,-0.643228056,-0.393913996,-0.187484734,-0.693884096,-1.162838569,-0.652552005,-0.240001251,-0.082572334,-0.610230074,-1.139279876,-1
2016-10-27,-0.429644431,-0.885947788,-0.181903922,-0.704287961,-1.096277759,-0.442449205,-0.464884574,-0.186299431,-0.693704943,-1.080531228,-0.454890323,-0.251029086,-0.082595921,-0.610210295,-1.06389074,-1
2016-10-26,-0.327759296,-0.650648487,-0.274862427,-0.703692532,-1.051482761,-0.34159067,-0.414753082,-0.180207093,-0.693614948,-1.039185251,-0.355133913,-0.243759025,-0.082785633,-0.610200313,-1.025843155,-1
2016-10-25,-0.123989028,-0.573218415,0.337447177,-0.702501674,-0.961892766,-0.138935381,-0.394005699,-0.160108904,-0.693434122,-0.956108682,-0.153760367,-0.24001861,-0.081206003,-0.610180162,-0.949038295,1
2016-10-24,-0.429644431,-0.266821691,0.522938464,-0.704287961,-1.096277759,-0.442449205,-0.291262905,-0.125992969,-0.693704943,-1.080531228,-0.454890323,-0.216659442,-0.078259319,-0.610210295,-1.06389074,-1
2016-10-21,-0.429644431,-0.453953277,-0.345446106,-0.704287961,-1.096277759,-0.442449205,-0.357930693,-0.173394914,-0.693704943,-1.080531228,-0.454890323,-0.232671397,-0.083092626,-0.610210295,-1.06389074,-1
2016-10-20,-0.225874162,-0.524875104,0.113012411,-0.703097103,-1.006687764,-0.240419396,-0.379984789,-0.183962869,-0.693524675,-0.997711069,-0.254757901,-0.237284158,-0.082445033,-0.610190269,-0.987559251,-1
2016-10-19,-0.225874162,-0.117542323,0.888570435,-0.703097103,-1.006687764,-0.240419396,-0.22926504,-0.020580795,-0.693524675,-0.997711069,-0.254757901,-0.199326991,-0.063887798,-0.610190269,-0.987559251,1
2016-10-18,-0.531529565,-0.72812166,0.182471301,-0.70488339,-1.141072757,-0.542995,-0.433405413,-0.178619176,-0.693794659,-1.121749001,-0.554029047,-0.246781112,-0.082252432,-0.610220216,-1.101702736,-1
2016-10-17,-0.531529565,-0.540958147,-0.885786466,-0.70488339,-1.141072757,-0.542995,-0.384740397,-0.058725355,-0.693794659,-1.121749001,-0.554029047,-0.238229497,-0.095258538,-0.610220216,-1.101702736,1
2016-10-14,-0.633414699,0.042569752,0.969957433,-0.705478819,-1.185867754,-0.643228056,-0.154072531,0.009773616,-0.693884096,-1.162838569,-0.652552005,-0.17556003,-0.058632124,-0.610230074,-1.139279876,-1
2016-10-13,-0.531529565,-0.92869436,-0.416303127,-0.70488339,-1.141072757,-0.542995,-0.471905553,-0.164658237,-0.693794659,-1.121749001,-0.554029047,-0.251804844,-0.083594407,-0.610220216,-1.101702736,-1
2016-10-12,-0.531529565,-1.002116043,-0.186549176,-0.70488339,-1.141072757,-0.542995,-0.482467608,-0.186072686,-0.693794659,-1.121749001,-0.554029047,-0.252828993,-0.082601056,-0.610220216,-1.101702736,-1
2016-10-11,-0.429644431,-0.73183792,-0.41182125,-0.704287961,-1.096277759,-0.442449205,-0.434247172,-0.165267194,-0.693704943,-1.080531228,-0.454890323,-0.246909286,-0.083556017,-0.610210295,-1.06389074,1
2016-10-10,-0.633414699,-0.776019594,-0.062399757,-0.705478819,-1.185867754,-0.643228056,-0.443883145,-0.189322787,-0.693884096,-1.162838569,-0.652552005,-0.248322677,-0.082550964,-0.610230074,-1.139279876,1
2016-9-29,-0.735299834,-0.972708419,-0.071652564,1.551067894,0.635516909,-0.743148372,-0.47846439,-0.189281905,1.648479438,0.611253764,-0.750461115,-0.252462474,-0.082551052,1.609485418,0.585591773,1
2016-9-28,-0.837184968,-0.63587284,0.396852082,1.543396784,0.584871818,-0.842755948,-0.410956454,-0.15060162,1.633727355,0.559058794,-0.847758295,-0.24310319,-0.080498875,1.588665893,0.531961496,1
2016-9-27,-0.939070102,-0.848208909,0.236225553,1.535725675,0.534226727,-0.942050784,-0.458152907,-0.173229293,1.619021589,0.507027702,-0.944445464,-0.250221504,-0.082000821,1.567976898,0.478667458,-1
2016-9-26,-0.837184968,-0.755339116,-0.369192359,1.543396784,0.584871818,-0.842755948,-0.43945807,-0.170678874,1.633727355,0.559058794,-0.847758295,-0.247686098,-0.083236835,1.588665893,0.531961496,-1
2016-9-23,-0.429644431,-0.886179256,-0.595242045,1.574081223,0.787452181,-0.442449205,-0.464924319,-0.134129492,1.693013592,0.768821937,-0.454890323,-0.251033673,-0.086042797,1.672731273,0.74851061,-1
2016-9-22,-0.327759296,-0.548609365,0.554622651,1.581752333,0.838097271,-0.34159067,-0.386970915,-0.118862326,1.707950945,0.821672416,-0.355133913,-0.238666631,-0.077514569,1.694077021,0.803496416,1
2016-9-21,-0.429644431,-1.040065637,-0.097719088,1.574081223,0.787452181,-0.442449205,-0.487184926,-0.188992371,1.693013592,0.768821937,-0.454890323,-0.253223568,-0.082552643,1.672731273,0.74851061,-1
2016-9-19,-0.429644431,-0.949949517,-0.152538434,1.574081223,0.787452181,-0.442449205,-0.475157845,-0.187543672,1.693013592,0.768821937,-0.454890323,-0.252139448,-0.08257132,1.672731273,0.74851061,1
2016-9-14,-0.633414699,-0.722160957,-0.138733058,1.558739004,0.686161999,-0.643228056,-0.432045149,-0.188015741,1.663277839,0.663612611,-0.652552005,-0.246572431,-0.082563816,1.630435882,0.639559346,-1
2016-9-13,-0.531529565,-0.467933951,-0.379431713,1.566410113,0.73680709,-0.542995,-0.362417913,-0.169441814,1.678122557,0.716135335,-0.554029047,-0.233639598,-0.083306184,1.651517697,0.693865272,1
2016-9-12,-0.633414699,0.305694712,-0.479094969,1.558739004,0.686161999,-0.643228056,-0.010954056,-0.155326594,1.663277839,0.663612611,-0.652552005,-0.123103157,-0.084239216,1.630435882,0.639559346,-1
2016-9-9,0.283551509,-0.023678016,-0.742788969,1.627778991,1.141967815,0.270128071,-0.186275634,-0.099833061,1.798547725,1.142216719,0.256483347,-0.186085401,-0.089759412,1.82495009,1.140620297,-1
2016-9-7,0.792977181,-0.242239778,-0.403581696,1.666134539,1.395193269,0.78849403,-0.281591759,-0.16636686,1.87531877,1.413843601,0.783502411,-0.214101516,-0.08348792,1.937720947,1.431113591,1
2016-9-6,0.589206912,-0.544570646,0.267493443,1.65079232,1.293903087,0.580209427,-0.38579609,-0.169590598,1.8444714,1.304701216,0.570786101,-0.238436892,-0.081804187,1.892204186,1.313864205,-1
2016-9-5,0.691092047,-0.737397944,0.062187953,1.658463429,1.344548178,0.684195359,-0.435497501,-0.186715128,1.859871926,1.359190469,0.676824863,-0.247098305,-0.082514913,1.914894223,1.372312848,-1
2016-9-1,0.691092047,-0.702751159,-0.723626705,1.658463429,1.344548178,0.684195359,-0.427529286,-0.104753154,1.859871926,1.359190469,0.676824863,-0.245866078,-0.089173245,1.914894223,1.372312848,-1
2016-8-29,1.200517718,-0.876727376,-0.148032993,1.696818977,1.597773631,1.20881611,-0.463286042,-0.18770567,1.937569319,1.634094901,1.216638827,-0.250842776,-0.082568617,2.030402916,1.6698587,-1
2016-8-25,1.098632584,-0.259362032,-0.839893172,1.689147868,1.547128541,1.10326648,-0.288350507,-0.07276239,1.921937205,1.578786259,1.107386953,-0.215895053,-0.09326598,2.007025342,1.609638987,-1
2016-8-24,1.506173121,-0.718543669,0.404400425,1.719832306,1.749708903,1.527341436,-0.431213582,-0.149297851,1.984743563,1.801004089,1.548292385,-0.246443919,-0.08039439,2.101369715,1.852666384,-1
2016-8-22,1.70994339,-0.838397854,-0.179003976,1.735174526,1.850999084,1.741255352,-0.456320971,-0.18643684,2.016424645,1.913096268,1.77266222,-0.249991547,-0.0825929,2.149380082,1.976339201,1
2016-8-19,1.608058255,-0.461500734,-0.275787708,1.727503416,1.800353994,1.634142024,-0.360361639,-0.18013,2.000560945,1.85696824,1.660149277,-0.233197757,-0.082788613,2.125304708,1.914321985,-1
2016-8-17,1.913713658,0.177277804,-0.446827965,1.750516745,1.952289266,1.956420226,-0.08383895,-0.160308411,2.048290998,2.025843957,1.999663929,-0.150926642,-0.08388216,2.197953614,2.101462709,-1
2016-8-16,2.117483927,1.063733599,-0.576997206,1.765858964,2.053579447,2.172836059,0.537237715,-0.137797513,2.080342619,2.139247157,2.229312858,0.146408595,-0.085700613,2.247093595,2.228045367,1
2016-8-15,1.200517718,2.626855269,-1.304817658,1.696818977,1.597773631,1.20881611,2.304537846,0.106337819,1.937569319,1.634094901,1.216638827,1.516033963,-0.125834722,2.030402916,1.6698587,1
2016-8-11,0.894862315,-0.725604245,-0.259217486,1.673805648,1.445838359,0.89310544,-0.432832447,-0.18146152,1.890811931,1.46866061,0.890820663,-0.246693445,-0.082738944,1.960684768,1.49026749,-1
2016-8-10,0.894862315,-0.41684016,-0.748172564,1.673805648,1.445838359,0.89310544,-0.34568605,-0.098425745,1.890811931,1.46866061,0.890820663,-0.22995526,-0.089930101,1.960684768,1.49026749,-1
2016-8-9,0.894862315,-0.465212205,0.244106934,1.673805648,1.445838359,0.89310544,-0.361549724,-0.172347033,1.890811931,1.46866061,0.890820663,-0.233453427,-0.081954996,1.960684768,1.49026749,1
2016-8-8,0.792977181,-0.422851946,-0.481814257,1.666134539,1.395193269,0.78849403,-0.347702325,-0.154888735,1.87531877,1.413843601,0.783502411,-0.230409859,-0.084271928,1.937720947,1.431113591,-1
2016-8-5,0.99674745,-0.308356647,-0.597158586,1.681476758,1.49648345,0.99802959,-0.30712175,-0.133736864,1.90635141,1.523641496,0.998781538,-0.220730549,-0.086080116,1.983786096,1.549775603,-1
2016-8-4,1.098632584,-0.1888776,-0.052284507,1.689147868,1.547128541,1.10326648,-0.259867623,-0.189330374,1.921937205,1.578786259,1.107386953,-0.208155056,-0.082550956,2.007025342,1.609638987,-1
2016-8-3,1.098632584,0.403067757,0.527663836,1.689147868,1.547128541,1.10326648,0.048170786,-0.124953634,1.921937205,1.578786259,1.107386953,-0.098962653,-0.078153255,2.007025342,1.609638987,1
2016-8-2,0.792977181,-0.61565051,0.182983426,1.666134539,1.395193269,0.78849403,-0.405636056,-0.17857299,1.87531877,1.413843601,0.783502411,-0.242162137,-0.082250499,1.937720947,1.431113591,1
2016-8-1,0.487321778,-0.152308832,-0.281480776,1.64312121,1.243257997,0.476536236,-0.244402923,-0.179648521,1.829117191,1.250375839,0.465384206,-0.203758259,-0.082807507,1.869650425,1.255766604,-1
2016-7-29,1.098632584,0.270816459,-0.023126383,1.689147868,1.547128541,1.10326648,-0.031322404,-0.189135362,1.921937205,1.578786259,1.107386953,-0.131099717,-0.082550213,2.007025342,1.609638987,1
2016-7-28,0.487321778,1.177799484,0.127936294,1.64312121,1.243257997,0.476536236,0.637188895,-0.18296887,1.829117191,1.250375839,0.465384206,0.205296493,-0.082414298,1.869650425,1.255766604,1
2016-7-27,0.181666375,1.048239603,-1.42040234,1.620107881,1.091322725,0.167393099,0.524013346,0.16357178,1.783332468,1.088382975,0.152980545,0.138820753,-0.138992508,1.802802694,1.083569477,-1
2016-7-26,0.691092047,0.244630233,1.327868258,1.658463429,1.344548178,0.684195359,-0.046334052,0.173039693,1.859871926,1.359190469,0.676824863,-0.136884986,-0.023822868,1.914894223,1.372312848,1
2016-7-25,0.589206912,-0.781836627,-0.052850044,1.65079232,1.293903087,0.580209427,-0.44510078,-0.189330972,1.8444714,1.304701216,0.570786101,-0.24849402,-0.082550956,1.892204186,1.313864205,-1
2016-7-22,0.589206912,-0.337930289,-1.178952778,1.65079232,1.293903087,0.580209427,-0.318044391,0.049769101,1.8444714,1.304701216,0.570786101,-0.223442673,-0.114027497,1.892204186,1.313864205,-1
2016-7-21,0.99674745,-0.097797295,-0.252215829,1.681476758,1.49648345,0.99802959,-0.220478809,-0.181992888,1.90635141,1.523641496,0.998781538,-0.196698619,-0.082720232,1.983786096,1.549775603,-1
2016-7-20,0.99674745,-0.689187128,-0.017926589,1.681476758,1.49648345,0.99802959,-0.424294982,-0.18906675,1.90635141,1.523641496,0.998781538,-0.245347615,-0.082549792,1.983786096,1.549775603,1
2016-7-18,1.098632584,0.383595702,-0.110344692,1.689147868,1.547128541,1.10326648,0.036081097,-0.188759611,1.921937205,1.578786259,1.107386953,-0.104008723,-0.082554645,2.007025342,1.609638987,-1
2016-7-15,1.098632584,-0.146739231,0.394494109,1.689147868,1.547128541,1.10326648,-0.242006377,-0.151004472,1.921937205,1.578786259,1.107386953,-0.203065027,-0.080530808,2.007025342,1.609638987,1
2016-7-14,0.99674745,0.443834877,-0.850749904,1.681476758,1.49648345,0.99802959,0.073913106,-0.069513766,1.90635141,1.523641496,0.998781538,-0.088034813,-0.093717003,1.983786096,1.549775603,-1
2016-7-13,1.200517718,2.645607378,-1.852674942,1.696818977,1.597773631,1.20881611,2.330946455,0.422472721,1.937569319,1.634094901,1.216638827,1.541035812,-0.211385873,2.030402916,1.6698587,1
2016-7-12,-0.225874162,5.276615929,3.043725112,1.589423442,0.888742362,-0.240419396,7.259966418,1.629669442,1.722934615,0.874686773,-0.254757901,7.874467853,0.577935312,1.71555535,0.858823747,1
2016-7-8,-0.225874162,0.133199891,-0.552221991,1.589423442,0.888742362,-0.240419396,-0.107521363,-0.142576567,1.722934615,0.874686773,-0.254757901,-0.159481077,-0.085272809,1.71555535,0.858823747,1
2016-7-7,-0.327759296,0.229524146,0.908342222,1.581752333,0.838097271,-0.34159067,-0.05488435,-0.01343736,1.707950945,0.821672416,-0.355133913,-0.140138435,-0.062690296,1.694077021,0.803496416,1
2016-7-6,-0.429644431,0.064185681,-0.414520116,1.574081223,0.787452181,-0.442449205,-0.143231617,-0.164901408,1.693013592,0.768821937,-0.454890323,-0.171904952,-0.083579019,1.672731273,0.74851061,1
2016-7-5,-0.531529565,1.594528275,1.333481209,1.566410113,0.73680709,-0.542995,1.041179451,0.175986566,1.678122557,0.716135335,-0.554029047,0.469077069,-0.023105032,1.651517697,0.693865272,1
2016-7-4,-1.040955237,0.245924858,0.352686817,1.528054565,0.483581637,-1.041032881,-0.045597546,-0.157797395,1.604362141,0.455160487,-1.040524539,-0.136603316,-0.081043313,1.547418022,0.425708602,-1
2016-7-1,-1.040955237,-0.823516849,-0.199056961,1.528054565,0.483581637,-1.041032881,-0.453477865,-0.185421519,1.604362141,0.455160487,-1.040524539,-0.249626363,-0.082616796,1.547418022,0.425708602,1
2016-6-30,-1.142840371,-0.551789258,-0.303957714,1.520383456,0.432936546,-1.139702239,-0.387891886,-0.177627666,1.58974901,0.40345715,-1.135997438,-0.238845943,-0.082891869,1.526988854,0.373083869,1
2016-6-27,-1.652266043,-0.718045614,-0.046999882,-0.571737357,0.357446694,-1.628357931,-0.431098726,-0.189318924,-0.666787444,0.326694097,-1.60433645,-0.246426113,-0.082550943,-0.606110534,0.295261141,1
2016-6-24,-1.856036311,-0.233151861,-0.736667036,-0.573829478,0.255009831,-1.82163103,-0.277962631,-0.101420045,-0.667319711,0.223111803,-1.787495969,-0.21312726,-0.089568535,-0.606209913,0.190835767,-1
2016-6-23,-1.448495774,-0.637631998,-0.310129917,-0.569645236,0.459883557,-1.433833873,-0.411412492,-0.177039246,-0.666251732,0.430946827,-1.41879827,-0.243182664,-0.082917898,-0.606009864,0.401042669,-1
2016-6-22,-1.244725505,-0.852697794,-0.115480079,-0.567553115,0.562320419,-1.238058856,-0.458979811,-0.188647663,-0.665712574,0.535869993,-1.230866081,-0.250323906,-0.082555778,-0.605907895,0.508189102,-1
2016-6-21,-1.244725505,-0.386829123,0.10963333,-0.567553115,0.562320419,-1.238058856,-0.335430964,-0.184176218,-0.665712574,0.535869993,-1.230866081,-0.22759933,-0.082451284,-0.605907895,0.508189102,1
2016-6-17,-1.142840371,-0.054013108,0.202813338,-0.566507055,0.61353885,-1.139702239,-0.200507252,-0.176708227,-0.665441704,0.588582989,-1.135997438,-0.190574015,-0.082169094,-0.605856421,0.562276892,1
2016-6-16,-1.244725505,-0.413374524,-0.411488212,-0.567553115,0.562320419,-1.238058856,-0.344517955,-0.165312141,-0.665712574,0.535869993,-1.230866081,-0.22969059,-0.083553203,-0.605907895,0.508189102,1
2016-6-15,-1.550380908,-0.166710937,0.133205209,-0.570691297,0.408665125,-1.531252272,-0.250549522,-0.182597786,-0.666520018,0.378736658,-1.511865652,-0.205521774,-0.082402171,-0.606060361,0.347981839,1
2016-6-14,-1.754151177,-0.608152539,0.101992303,-0.572783417,0.306228263,-1.72515085,-0.403626891,-0.18464271,-0.667054008,0.274819146,-1.696212583,-0.24180021,-0.0824645,-0.606160384,0.242879481,-1
2016-6-8,-0.837184968,-0.44747217,-0.144484251,-0.563368874,0.767194144,-0.842755948,-0.355827246,-0.187827855,-0.664623925,0.747727631,-0.847758295,-0.232212468,-0.082566664,-0.605700027,0.726611678,-1
2016-6-7,-0.531529565,-0.532179919,-0.408426459,-0.560230692,0.920849438,-0.542995,-0.382156012,-0.165723384,-0.663798394,0.908380752,-0.554029047,-0.237718001,-0.083527574,-0.605540655,0.894076556,-1
2016-6-3,-0.531529565,-0.137973773,-0.352881341,-0.560230692,0.920849438,-0.542995,-0.238212626,-0.172567458,-0.663798394,0.908380752,-0.554029047,-0.201961215,-0.083135354,-0.605540655,0.894076556,1
2016-6-2,-0.633414699,-0.123846237,0.224080655,-0.561276753,0.869631007,-0.643228056,-0.232041359,-0.174542758,-0.664074432,0.854662103,-0.652552005,-0.200148968,-0.082066739,-0.605594112,0.837905319,-1
2016-5-31,-1.652266043,0.135616738,0.71854186,-0.571737357,0.357446694,-1.628357931,-0.106240502,-0.075899142,-0.666787444,0.326694097,-1.60433645,-0.15902474,-0.072265503,-0.606110534,0.295261141,1
2016-5-30,-1.957921446,-0.453329111,-0.536206309,-0.574875538,0.2037914,-1.91779847,-0.357728762,-0.145542208,-0.667584552,0.171572069,-1.878188526,-0.23262748,-0.085017995,-0.606259121,0.139128904,-1
2016-5-27,-1.448495774,-0.625236482,0.261329094,-0.569645236,0.459883557,-1.433833873,-0.408175977,-0.170337262,-0.666251732,0.430946827,-1.41879827,-0.242614556,-0.08184615,-0.606009864,0.401042669,1
2016-5-26,-1.652266043,-0.063547998,-0.223052992,-0.571737357,0.357446694,-1.628357931,-0.204913785,-0.184006364,-0.666787444,0.326694097,-1.60433645,-0.191943038,-0.082655595,-0.606110534,0.295261141,-1
2016-5-25,-1.34661064,0.489030222,-0.784586836,-0.568599176,0.511101988,-1.336102735,0.103133602,-0.088618487,-0.665982584,0.483324606,-1.325132386,-0.075333938,-0.091155877,-0.605959042,0.454444726,-1
2016-5-24,-0.735299834,-0.043055887,-0.528716091,-0.562322813,0.818412576,-0.743148372,-0.195403976,-0.146895834,-0.664349609,0.801111062,-0.750461115,-0.188976185,-0.084904493,-0.605647236,0.782084058,-1
2016-5-23,-0.633414699,0.301499552,0.041016462,-0.561276753,0.869631007,-0.643228056,-0.013426558,-0.187572927,-0.664074432,0.854662103,-0.652552005,-0.124082772,-0.082531091,-0.605594112,0.837905319,1
2016-5-18,-0.939070102,1.295900897,-1.306490704,-0.564414934,0.715975713,-0.942050784,0.745489358,0.107130165,-0.664897379,0.694511808,-0.944445464,0.27207088,-0.126008828,-0.605752488,0.671487086,-1
2016-5-17,0.181666375,0.49607643,-1.154779231,-0.55290827,1.279378457,0.167393099,0.107753857,0.039591464,-0.661842011,1.289104348,0.152980545,-0.07329733,-0.112039282,-0.605157043,1.297166396,-1
2016-5-16,0.691092047,0.311834204,0.070339534,-0.547677968,1.535470614,0.684195359,-0.007324484,-0.186339583,-0.660418757,1.566078039,0.676824863,-0.121660679,-0.082506882,-0.604872814,1.595827581,-1
2016-5-13,0.691092047,0.840371667,-1.166952406,-0.547677968,1.535470614,0.684195359,0.354744984,0.044688993,-0.660418757,1.566078039,0.676824863,0.046098271,-0.113029686,-0.604872814,1.595827581,-1
2016-5-12,0.691092047,3.402145713,0.566189445,-0.547677968,1.535470614,0.684195359,3.499339303,-0.116164427,-0.660418757,1.566078039,0.676824863,2.757071512,-0.077222596,-0.604872814,1.595827581,1
2016-5-11,-0.939070102,6.416577189,9.074720374,-0.564414934,0.715975713,-0.942050784,10.15020259,15.59822415,-0.664897379,0.694511808,-0.944445464,12.81083898,16.80577247,-0.605752488,0.671487086,1
2016-5-10,-1.34661064,0.627443359,0.83466223,-0.568599176,0.511101988,-1.336102735,0.197084003,-0.039305261,-0.665982584,0.483324606,-1.325132386,-0.032445937,-0.066906233,-0.605959042,0.454444726,1
2016-5-9,-1.448495774,1.192701241,-0.034743447,-0.569645236,0.459883557,-1.433833873,0.65058404,-0.189251652,-0.666251732,0.430946827,-1.41879827,0.213390973,-0.082550762,-0.606009864,0.401042669,-1
2016-5-6,-0.429644431,2.117031604,-1.10065895,-0.559184632,0.97206787,-0.442449205,1.633856778,0.017608058,-0.663521495,0.962267011,-0.454890323,0.921999087,-0.107895329,-0.605486864,0.950598863,-1
2016-5-5,0.079781241,2.860090513,0.209288732,-0.55395433,1.228160026,0.064970866,2.641784491,-0.176067034,-0.662124079,1.234212436,0.050106937,1.843938584,-0.082139635,-0.605212861,1.238514708,1
2016-5-4,-1.448495774,4.305663102,3.8391696,-0.569645236,0.459883557,-1.433833873,5.158012754,2.683273291,-0.666251732,0.430946827,-1.41879827,4.809154072,1.228224015,-0.606009864,0.401042669,1
2016-5-3,-2.05980658,-0.446429766,0.570840984,-0.575921599,0.152572969,-2.013653171,-0.355487557,-0.11506519,-0.667848533,0.120199944,-1.968292172,-0.232138053,-0.07710207,-0.60630801,0.087757798,1
2016-4-29,-2.161691714,-0.927739753,-0.124093515,-0.576967659,0.101354537,-2.109195132,-0.471755766,-0.188437467,-0.668111652,0.068995428,-2.057808826,-0.251789044,-0.082558161,-0.60635658,0.036721357,1
2016-4-28,-2.365461983,-0.796815008,-0.196852939,-0.57905978,-0.001082325,-2.299340835,-0.448181411,-0.185540563,-0.668635306,-0.032910778,-2.23508883,-0.24891998,-0.082613813,-0.606452769,-0.064351909,-1
2016-4-27,-1.957921446,-0.942571272,-0.311397661,-0.574875538,0.2037914,-1.91779847,-0.474046859,-0.176916601,-0.667584552,0.171572069,-1.878188526,-0.252026986,-0.082923403,-0.606259121,0.139128904,1
2016-4-26,-2.05980658,-0.936040679,-0.056376793,-0.575921599,0.152572969,-2.013653171,-0.473047564,-0.189331972,-0.667848533,0.120199944,-1.968292172,-0.251924191,-0.082550956,-0.60630801,0.087757798,-1
2016-4-25,-2.05980658,-0.983172374,-0.275275583,-0.575921599,0.152572969,-2.013653171,-0.479923629,-0.18017271,-0.667848533,0.120199944,-1.968292172,-0.252599282,-0.08278696,-0.60630801,0.087757798,-1
2016-4-21,-1.754151177,-0.601583634,-0.297714818,-0.572783417,0.306228263,-1.72515085,-0.40185046,-0.178208147,-0.667054008,0.274819146,-1.696212583,-0.241477259,-0.082866825,-0.606160384,0.242879481,1
2016-4-20,-2.05980658,0.613293474,-0.449858298,-0.575921599,0.152572969,-2.013653171,0.187170865,-0.159857327,-0.667848533,0.120199944,-1.968292172,-0.037114698,-0.083913315,-0.60630801,0.087757798,-1
2016-4-19,-1.040955237,-0.478365979,-0.107763646,-0.565460994,0.664757282,-1.041032881,-0.365721459,-0.188812104,-0.665169972,0.641463594,-1.040524539,-0.234342876,-0.082554149,-0.605804619,0.616709189,-1
2016-4-18,-0.837184968,-0.404376002,-0.033813454,-0.563368874,0.767194144,-0.842755948,-0.341465308,-0.189244225,-0.664623925,0.747727631,-0.847758295,-0.22899442,-0.082550734,-0.605700027,0.726611678,-1
2016-4-15,-0.837184968,-0.46990542,-0.78425694,-0.563368874,0.767194144,-0.842755948,-0.363045153,-0.088709591,-0.664623925,0.747727631,-0.847758295,-0.233773754,-0.091144204,-0.605700027,0.726611678,-1
2016-4-14,-0.531529565,0.129285686,0.562877915,-0.560230692,0.920849438,-0.542995,-0.109591433,-0.116942003,-0.663798394,0.908380752,-0.554029047,-0.160217042,-0.077307309,-0.605540655,0.894076556,1
2016-4-13,-1.040955237,0.187743355,0.195715853,-0.565460994,0.664757282,-1.041032881,-0.078115762,-0.177392775,-0.665169972,0.641463594,-1.040524539,-0.148822641,-0.08219973,-0.605804619,0.616709189,1
2016-4-12,-1.244725505,-0.617403282,-0.476312843,-0.567553115,0.562320419,-1.238058856,-0.406102885,-0.155771672,-0.665712574,0.535869993,-1.230866081,-0.242245721,-0.08420618,-0.605907895,0.508189102,-1
2016-4-11,-1.142840371,-0.390093622,-0.0526254,-0.566507055,0.61353885,-1.139702239,-0.336561805,-0.189330749,-0.665441704,0.588582989,-1.135997438,-0.22786267,-0.082550956,-0.605856421,0.562276892,1
2016-4-8,-1.34661064,-0.561317762,-0.316533048,-0.568599176,0.511101988,-1.336102735,-0.390630306,-0.17641356,-0.665982584,0.483324606,-1.325132386,-0.23937501,-0.082946266,-0.605959042,0.454444726,-1
2016-4-7,-0.939070102,-0.195184707,-0.076662276,-0.564414934,0.715975713,-0.942050784,-0.262487389,-0.189246239,-0.664897379,0.694511808,-0.944445464,-0.208886576,-0.082551171,-0.605752488,0.671487086,-1
2016-4-6,-0.837184968,0.032961431,-0.540455688,-0.563368874,0.767194144,-0.842755948,-0.158838675,-0.144764816,-0.664623925,0.747727631,-0.847758295,-0.177149377,-0.085083981,-0.605700027,0.726611678,1
2016-4-5,-0.939070102,0.71342498,-0.086142868,-0.564414934,0.715975713,-0.942050784,0.258832365,-0.189152724,-0.664897379,0.694511808,-0.944445464,-0.00263061,-0.082551604,-0.605752488,0.671487086,1
2016-4-1,-1.142840371,0.28948077,0.459573231,-0.566507055,0.61353885,-1.139702239,-0.020475863,-0.139112864,-0.665441704,0.588582989,-1.135997438,-0.126862257,-0.079521113,-0.605856421,0.562276892,-1
2016-3-31,-1.040955237,-0.509221475,-0.333431595,-0.565460994,0.664757282,-1.041032881,-0.375268949,-0.174687732,-0.665169972,0.641463594,-1.040524539,-0.236329066,-0.083028072,-0.605804619,0.616709189,1
2016-3-30,-1.448495774,-0.350565255,0.442998297,-0.483363288,1.151937321,-1.433833873,-0.322617336,-0.142293789,-0.64115739,1.152833217,-1.41879827,-0.224555311,-0.079804374,-0.600629367,1.151891719,1
2016-3-29,-1.652266043,-0.328374647,-0.709153681,-0.486008498,1.045064217,-1.628357931,-0.314548716,-0.108377043,-0.642013793,1.039355197,-1.60433645,-0.222582995,-0.088752227,-0.600832846,1.031763148,-1
2016-3-28,-1.142840371,-0.30470424,-0.135003658,-0.479395473,1.312246978,-1.139702239,-0.305751479,-0.188130881,-0.639862458,1.324418552,-1.135997438,-0.220384956,-0.082562166,-0.60031922,1.334993977,-1
2016-3-25,-1.040955237,0.060437494,-0.127639115,-0.478072868,1.365683531,-1.041032881,-0.14512318,-0.188342777,-0.639428061,1.381978545,-1.040524539,-0.17254668,-0.082559335,-0.600214515,1.396808871,-1
2016-3-24,-0.531529565,0.489242534,0.651755131,-0.471459842,1.632866292,-0.542995,0.103272562,-0.094632555,-0.637235421,1.672515116,-0.554029047,-0.075272797,-0.07470517,-0.599680977,1.711795296,1
2016-3-23,-0.837184968,-0.481422954,-0.259054109,-0.475427657,1.472556635,-0.842755948,-0.366682283,-0.18147413,-0.638555135,1.497645851,-0.847758295,-0.234545891,-0.082738493,-0.600003109,1.521617324,-1
2016-3-22,-0.531529565,-0.075162907,-0.664085128,-0.471459842,1.632866292,-0.542995,-0.210238475,-0.119153491,-0.637235421,1.672515116,-0.554029047,-0.193584029,-0.087556162,-0.599680977,1.711795296,-1
2016-3-21,-0.531529565,2.149441927,1.155707925,-0.471459842,1.632866292,-0.542995,1.673776953,0.08844973,-0.637235421,1.672515116,-0.554029047,0.955053922,-0.043135181,-0.599680977,1.711795296,1
2016-3-18,-0.735299834,1.265642428,0.499174931,-0.474105052,1.525993188,-0.743148372,0.717275389,-0.131091489,-0.638116607,1.555753166,-0.750461115,0.254385413,-0.078766933,-0.599896403,1.584613367,1
2016-3-16,-1.040955237,0.309878698,-0.782403236,-0.478072868,1.365683531,-1.041032881,-0.008481985,-0.089220741,-0.639428061,1.381978545,-1.040524539,-0.122121268,-0.091078808,-0.600214515,1.396808871,-1
