quote_time,id_tb_StockXPeriodRecords,stock_code,open_price,high_price,low_price,close_price,period,trading_volumn,Capital,PE_TTM,PB,nor_open_price,nor_high_price,nor_low_price,nor_close_price,nor_trading_volumn,nor_Capital,nor_PE_TTM,nor_PB
2017-05-26,2602,sz002310,16.54,16.0,16.75,15.95,day,277496.0,-5517.54,44.7154471545,5.48109965636,1.00568342932,0.843630464069,0.968980742721,0.916636232127,-0.0191345349297,-0.649923185287,1.3887330216,0.133916671742
2017-05-25,2601,sz002310,16.63,16.49,16.7,16.1,day,253980.0,-4107.59,45.1359686011,5.53264604811,1.03216297741,0.988242710696,0.954553657635,0.961558615048,-0.127490778842,-0.483178185744,1.43423889253,0.172934910147
2017-05-24,2600,sz002310,16.56,16.64,16.75,16.17,day,279988.0,-2464.76,45.3322119428,5.55670103093,1.01156777334,1.03251176579,0.968980742721,0.982522393745,-0.00765198008069,-0.288892085102,1.45547496563,0.191143421403
2017-05-23,2599,sz002310,18.0,16.66,18.09,16.16,day,444317.0,-10018.75,45.3041771797,5.55326460481,1.43524054282,1.03841430647,1.35562662303,0.979527568217,0.749537729301,-1.18225004751,1.45244124091,0.188542205509
2017-05-22,2598,sz002310,18.15,17.95,18.5,17.91,day,208484.0,-921.79,50.2102607233,6.15463917526,1.47937312298,1.41912818024,1.47392872073,1.50362203563,-0.337125736871,-0.106415733497,1.98334306849,0.643754986908
2017-05-19,2597,sz002310,18.64,18.13,18.69,17.98,day,216228.0,-4471.21,50.406504065,6.17869415808,1.62353955148,1.47225104635,1.52875164406,1.52458581432,-0.301443190824,-0.52618099913,2.00457914159,0.661963498164
2017-05-18,2596,sz002310,18.01,18.49,18.78,17.91,day,371319.0,7119.89,50.2102607233,6.15463917526,1.43818271483,1.57849677856,1.55472039722,1.50362203563,0.413179968921,0.844617939985,1.98334306849,0.643754986908
2017-05-17,2595,sz002310,18.25,18.2,18.66,18.04,day,331287.0,-150.31,50.5747126437,6.19931271478,1.50879484308,1.49290993872,1.52009539301,1.54255476749,0.228721848651,-0.01517814901,2.02278148997,0.677570793526
2017-05-16,2594,sz002310,17.49,18.19,18.19,17.35,day,313040.0,7228.71,48.6403139893,5.96219931271,1.2851897703,1.48995866838,1.3844807932,1.33591180606,0.144643927973,0.857487326028,1.81345448366,0.498086896861
2017-05-15,2593,sz002310,17.5,17.46,17.75,17.41,day,143509.0,-1019.38,48.808522568,5.98281786942,1.28813194231,1.27451593361,1.25752244444,1.35388075922,-0.636515384268,-0.117957025391,1.83165683204,0.513694192223
2017-05-12,2592,sz002310,17.18,17.49,17.53,17.03,day,167047.0,2383.08,47.7432015699,5.85223367698,1.19398243798,1.28336974463,1.19404327006,1.24007738916,-0.528057769487,0.284428301143,1.71637529233,0.414847988262
2017-05-11,2591,sz002310,16.73,17.17,17.18,16.71,day,207325.0,-1861.61,46.8460891505,5.74226804124,1.06158469751,1.18892909377,1.09305367446,1.14424297226,-0.342466138585,-0.217561721277,1.619296101,0.331609079663
2017-05-10,2590,sz002310,17.35,17.08,17.53,17.03,day,215764.0,-2692.4,47.7432015699,5.85223367698,1.24399936215,1.16236766072,1.19404327006,1.24007738916,-0.303581194616,-0.315813487773,1.71637529233,0.414847988262
2017-05-09,2589,sz002310,17.33,17.18,17.47,16.92,day,289976.0,-2988.98,47.4348191758,5.81443298969,1.23811501813,1.19188036411,1.17673076796,1.20713430835,0.0383703946511,-0.350887945707,1.68300432031,0.386234613431
2017-05-08,2588,sz002310,17.63,17.51,17.8,17.33,day,326368.0,-9499.16,48.5842444631,5.95532646048,1.32638017844,1.28927228531,1.27194952953,1.329922155,0.206056243794,-1.12080174487,1.80738703421,0.492884465073
2017-05-05,2587,sz002310,17.6,17.88,18.08,17.55,day,335330.0,-2234.29,49.2010092515,6.03092783505,1.31755366241,1.39846928786,1.35274120601,1.39580831662,0.247351049796,-0.261635997975,1.87412897824,0.550111214735
2017-05-04,2586,sz002310,17.38,17.78,18.04,17.3,day,320708.0,1719.71,48.5001401738,5.94501718213,1.25282587818,1.36895658447,1.34119953794,1.32093767842,0.179976283744,0.205976135926,1.79828586002,0.485080817392
2017-05-03,2585,sz002310,18.09,17.53,18.14,17.5,day,262169.0,-7710.38,49.0608354359,6.01374570447,1.46172009092,1.29517482599,1.37005370811,1.38083418898,-0.0897577765711,-0.909255150816,1.8589603546,0.537105135266
2017-05-02,2584,sz002310,17.57,17.95,18.12,17.51,day,368284.0,49.09,49.088870199,6.01718213058,1.30872714638,1.41912818024,1.36428287408,1.38382901451,0.399195396704,0.00840350488472,1.86199407933,0.53970635116
2017-04-28,2583,sz002310,17.48,17.61,17.93,17.38,day,399937.0,-131.19,48.7244182787,5.97250859107,1.28224759829,1.3187849887,1.30945995075,1.34489628264,0.545045039013,-0.0129169593287,1.82255565785,0.505890544542
2017-04-27,2582,sz002310,17.47,17.6,17.7,17.22,day,412087.0,3196.52,48.275862069,5.9175257732,1.27930542628,1.31583371836,1.24309535936,1.29697907419,0.601029405552,0.380628203571,1.77401606219,0.464271090242
2017-04-26,2581,sz002310,16.98,17.4,17.41,16.68,day,383087.0,4161.53,46.7619848612,5.73195876289,1.13513899777,1.25680831158,1.15941826586,1.13525849568,0.467404168545,0.494753237798,1.61019492682,0.323805431982
2017-04-25,2580,sz002310,17.1,16.95,17.56,16.92,day,358032.0,-1442.83,47.4348191758,5.81443298969,1.1704450619,1.12400114631,1.20269952112,1.20713430835,0.351956571538,-0.168035517576,1.68300432031,0.386234613431
2017-04-24,2579,sz002310,17.42,16.98,17.65,16.82,day,383090.0,-4296.01,47.1544715447,5.78006872852,1.26459456623,1.13285495732,1.22866827427,1.17718605307,0.467417991846,-0.505461311254,1.65266707302,0.360222454494
2017-04-21,2578,sz002310,18.27,17.42,18.49,17.35,day,489535.0,-12160.33,48.6403139893,5.96219931271,1.5146791871,1.26271085225,1.47104330372,1.33591180606,0.957891728162,-1.43551984865,1.81345448366,0.498086896861
2017-04-20,2577,sz002310,18.8,18.49,19.03,18.37,day,414685.0,-2096.29,51.4998598262,6.31271477663,1.67061430365,1.57849677856,1.62685582265,1.64138400992,0.613000383681,-0.245315695881,2.12289440603,0.763410918019
2017-04-19,2576,sz002310,18.53,18.77,18.82,18.01,day,409274.0,-2880.03,50.4906083544,6.18900343643,1.59117565937,1.66113234807,1.56626206528,1.53357029091,0.588067757562,-0.338003185467,2.01368031578,0.669767145845
2017-04-18,2575,sz002310,18.58,18.75,19.09,18.3,day,560049.0,4286.62,51.3036164844,6.28865979381,1.60588651942,1.65522980739,1.64416832475,1.62042023122,1.28280379583,0.509546763805,2.10165833292,0.745202406763
2017-04-17,2574,sz002310,18.75,18.45,19.04,18.28,day,553859.0,-4741.69,51.2475469582,6.28178694158,1.65590344359,1.56669169721,1.62974123966,1.61443058017,1.25428171938,-0.558168791233,2.09559088347,0.739999974975
2017-04-14,2573,sz002310,18.48,18.43,18.99,18.07,day,662991.0,8912.15,50.658816933,6.20962199313,1.57646479932,1.56078915653,1.61531415458,1.55153924408,1.75713652507,1.05657608948,2.03188266416,0.685374441207
2017-04-13,2572,sz002310,17.86,18.16,18.63,17.86,day,540281.0,985.16,50.0700869078,6.13745704467,1.39405013468,1.48110485737,1.51143914196,1.48864790799,1.19171746186,0.119106006195,1.96817444485,0.63074890744
2017-04-12,2571,sz002310,19.02,17.85,19.05,17.72,day,839176.0,-16130.6,49.6776002243,6.08934707904,1.73534208787,1.38961547685,1.63262665668,1.44672035059,2.56895591755,-1.90505612252,1.92570229864,0.594331884928
2017-04-11,2570,sz002310,19.4,19.5,19.99,18.94,day,1294019.0,-4154.29,53.0978413232,6.50859106529,1.84714462426,1.87657508284,1.9038558563,1.81208906502,4.66476638913,-0.488701070582,2.29581671558,0.91168022396
2017-04-10,2569,sz002310,18.55,19.43,19.89,18.55,day,1233371.0,18751.03,52.0044855621,6.37457044674,1.59706000339,1.85591619046,1.87500168613,1.69529086942,4.38531454865,2.22015213197,2.17750145115,0.810232804105
2017-04-07,2568,sz002310,17.48,18.37,19.3,17.16,day,1084412.0,13678.34,48.1076534903,5.89690721649,1.28224759829,1.54308153449,1.70476208211,1.27901012102,3.69894621488,1.62024029699,1.75581371381,0.44866379488
2017-04-06,2567,sz002310,18.0,17.76,18.46,17.55,day,1185073.0,6260.17,49.2010092515,6.03092783505,1.43524054282,1.36305404379,1.46238705266,1.39580831662,4.16276862806,0.742944823203,1.87412897824,0.550111214735
2017-04-05,2566,sz002310,17.57,17.57,17.57,17.11,day,985929.0,106528.95,47.9674796748,5.87972508591,1.30872714638,1.30697990735,1.20558493813,1.26403599338,3.24515951777,12.6010374331,1.74064509017,0.435657715412
2017-03-31,2565,sz002310,15.83,15.97,16.11,15.7,day,247221.0,-2611.98,44.0145780768,5.39518900344,0.796789216588,0.83477665305,0.784314053619,0.841765593925,-0.158634674598,-0.306302772596,1.31288990337,0.0688862743989
2017-03-30,2564,sz002310,16.07,15.77,16.14,15.68,day,274995.0,-4353.53,33.2626219771,5.66064981949,0.867401344835,0.775751246264,0.792970304671,0.835775942869,-0.0306585596798,-0.512263802388,0.149388896357,0.26982785452
2017-03-29,2563,sz002310,16.14,16.04,16.18,15.92,day,210516.0,-2350.21,33.771743742,5.74729241877,0.887996548907,0.855435545426,0.80451197274,0.907651755543,-0.327762754747,-0.275345051734,0.204482470096,0.335412301457
2017-03-28,2562,sz002310,16.51,16.05,16.53,15.97,day,402893.0,-9535.44,33.8778107764,5.76534296029,0.996856913288,0.858386815765,0.905501568342,0.922625883183,0.558665597654,-1.12509232864,0.215960297958,0.349075727903
2017-03-27,2561,sz002310,17.09,16.59,17.16,16.56,day,376587.0,-8932.6,35.1294017819,5.97833935018,1.16750288989,1.01775541409,1.08728284043,1.09932058934,0.437453684389,-1.05379862636,0.351398666733,0.510304159957
2017-03-24,2560,sz002310,16.69,17.01,17.08,16.63,day,355157.0,7036.41,35.27789563,6.0036101083,1.04981600947,1.14170876834,1.06419950429,1.12028436804,0.338709242007,0.834745339849,0.36746762574,0.52943295698
2017-03-23,2559,sz002310,16.84,16.68,17.07,16.43,day,289048.0,-3436.09,34.8536274926,5.93140794224,1.09394858963,1.04431684714,1.06131408727,1.06038785747,0.0340943870669,-0.40376454186,0.321556314291,0.474779251199
2017-03-22,2558,sz002310,16.4,16.72,17.17,16.33,day,440187.0,6114.01,34.6414934238,5.89530685921,0.964493021175,1.0561219285,1.09016825744,1.03043960219,0.730507652445,0.725659494551,0.298600658567,0.447452398309
2017-03-21,2557,sz002310,16.34,16.57,16.86,16.28,day,455343.0,2136.74,34.5354263895,5.87725631769,0.946839989113,1.01185287341,1.00072032991,1.01546547455,0.800342965964,0.255295379275,0.287122830704,0.433788971863
2017-03-20,2556,sz002310,16.32,16.19,16.5,16.0,day,297384.0,-5300.57,33.941450997,5.7761732852,0.940955645093,0.899704600516,0.89684531729,0.931610359767,0.0725047310562,-0.624263649451,0.222846994676,0.35727378377
2017-03-17,2555,sz002310,16.5,16.3,16.67,16.23,day,409322.0,-2559.74,34.4293593551,5.85920577617,0.993914741278,0.932168574249,0.945897406583,1.00049134691,0.588288930368,-0.300124710413,0.275645002842,0.420125545418
2017-03-16,2554,sz002310,16.63,16.49,16.71,16.37,day,515110.0,-10790.05,34.7263470513,5.90974729242,1.03216297741,0.988242710696,0.957439074652,1.04241890431,1.0757353639,-1.27346634465,0.307782920857,0.458383139465
2017-03-15,2553,sz002310,15.58,16.63,16.96,15.5,day,803741.0,20733.43,32.8807806534,5.59566787004,0.723234916331,1.02956049545,1.02957450008,0.781869083364,2.40567970123,2.45459681944,0.108068716053,0.220639519317
2017-03-14,2552,sz002310,15.25,15.67,16.09,15.25,day,624587.0,9863.18,32.3504454815,5.50541516245,0.626143239991,0.74623854287,0.778543219585,0.706998445162,1.58017984914,1.16904780615,0.0506795767419,0.152322387091
2017-03-13,2551,sz002310,14.85,15.23,15.23,14.71,day,340184.0,4818.93,31.2049215104,5.31046931408,0.508456359579,0.616382647939,0.530397356104,0.545277866647,0.269717149811,0.572499372555,-0.0732809641706,0.0047573814815
2017-03-10,2550,sz002310,14.93,14.86,14.97,14.81,day,134544.0,-803.73,31.4170555791,5.34657039711,0.531993735662,0.507185645384,0.455376513657,0.575226121928,-0.67782401357,-0.092453596793,-0.0503253084461,0.0320842343721
2017-03-09,2549,sz002310,14.92,14.82,14.98,14.75,day,121124.0,-2109.22,31.2897751379,5.32490974729,0.529051563651,0.495380564026,0.458261930674,0.557257168759,-0.739660243937,-0.24684483723,-0.0640987018808,0.0156881226377
2017-03-08,2548,sz002310,15.05,14.95,15.06,14.85,day,127522.0,-2606.77,31.5019092066,5.36101083032,0.567299799785,0.533747078438,0.481345266812,0.58720542404,-0.710179751993,-0.305686622061,-0.0411430461562,0.0430149755283
2017-03-07,2547,sz002310,15.1,15.05,15.11,14.91,day,168037.0,-2736.04,31.6291896479,5.38267148014,0.582010659837,0.563259781831,0.495772351898,0.605174377208,-0.523496080361,-0.320974487652,-0.0273696527215,0.0594110872626
2017-03-06,2546,sz002310,14.99,15.11,15.23,14.89,day,255097.0,2771.88,31.5867628341,5.37545126354,0.549646767723,0.580967403867,0.530397356104,0.599184726152,-0.122343903334,0.330408978346,-0.0319607838664,0.0539457166845
2017-03-03,2545,sz002310,14.73,14.93,14.93,14.43,day,208091.0,181.01,30.6109461179,5.20938628159,0.473150295456,0.527844537759,0.443834845588,0.461422751861,-0.338936589221,0.0240047675818,-0.137556800199,-0.0717578066121
2017-03-02,2544,sz002310,14.92,14.68,14.96,14.65,day,230574.0,-8689.38,31.0776410692,5.28880866426,0.529051563651,0.454062779275,0.452491096639,0.527308913478,-0.235340168407,-1.02503468523,-0.0870543576053,-0.0116387302528
2017-03-01,2543,sz002310,15.05,14.93,15.05,14.88,day,151183.0,-2569.58,31.5655494272,5.37184115523,0.567299799785,0.527844537759,0.478459849794,0.596189900624,-0.601155381896,-0.30128841891,-0.0342563494389,0.0512130313955
2017-02-28,2542,sz002310,14.85,14.98,15.08,14.81,day,315645.0,2706.4,31.4170555791,5.34657039711,0.508456359579,0.542600889456,0.487116100846,0.575226121928,0.156647160469,0.322665113265,-0.0503253084461,0.0320842343721
2017-02-27,2541,sz002310,14.78,14.64,14.9,14.6,day,150647.0,-2736.98,30.9715740348,5.27075812274,0.487861155507,0.442257697918,0.435178594536,0.512334785838,-0.603625144897,-0.321085654928,-0.0985321854676,-0.0253021566981
2017-02-24,2540,sz002310,14.65,14.79,14.85,14.63,day,105807.0,767.8,31.0352142554,5.28158844765,0.449612919373,0.486526753008,0.42075150945,0.521319262422,-0.81023740791,0.0934003477669,-0.0916454887502,-0.017104100831
2017-02-23,2539,sz002310,14.99,14.68,15.05,14.65,day,217775.0,-7699.12,31.0776410692,5.28880866426,0.549646767723,0.454062779275,0.478459849794,0.527308913478,-0.294314975594,-0.907923508776,-0.0870543576053,-0.0116387302528
2017-02-22,2538,sz002310,15.01,14.99,15.25,14.95,day,284821.0,660.3,31.7140432754,5.39711191336,0.555531111744,0.545552159795,0.536168190139,0.61715367932,0.0146173568315,0.080687068962,-0.0181873904317,0.0703418284189
2017-02-21,2537,sz002310,14.96,14.92,14.96,14.81,day,135335.0,-777.87,31.4170555791,5.34657039711,0.540820251693,0.52489326742,0.452491096639,0.575226121928,-0.674179270037,-0.0893953140963,-0.0503253084461,0.0320842343721
2017-02-20,2536,sz002310,14.6,14.91,14.98,14.58,day,176958.0,1755.58,30.929147221,5.26353790614,0.434902059322,0.52194199708,0.458261930674,0.506345134782,-0.482390192798,0.21021823184,-0.103123316612,-0.0307675272762
2017-02-17,2535,sz002310,14.92,14.64,14.94,14.58,day,176186.0,-3259.46,30.929147221,5.26353790614,0.529051563651,0.442257697918,0.446720262605,0.506345134782,-0.485947388762,-0.382875737811,-0.103123316612,-0.0307675272762
2017-02-16,2534,sz002310,14.82,14.91,14.93,14.68,day,150544.0,-660.71,31.1412812898,5.29963898917,0.499629843548,0.52194199708,0.443834845588,0.536293390063,-0.604099744877,-0.0755396141449,-0.0801676608879,-0.00344067438567
2017-02-15,2533,sz002310,14.79,14.81,15.09,14.7,day,256166.0,102.5,31.1837081035,5.30685920578,0.490803327518,0.492429293687,0.490001517863,0.542283041119,-0.117418200631,0.0147199348472,-0.075576529743,0.00202469619244
2017-02-14,2532,sz002310,15.1,14.86,15.1,14.73,day,260391.0,-4478.47,31.2473483241,5.31768953069,0.582010659837,0.507185645384,0.49288693488,0.551267517703,-0.0979503859297,-0.527039588936,-0.0686898330257,0.0102227520596
2017-02-13,2531,sz002310,15.25,15.15,15.26,14.95,day,284308.0,-4596.98,31.7140432754,5.39711191336,0.626143239991,0.592772485225,0.539053607156,0.61715367932,0.0122535724665,-0.541054944016,-0.0181873904317,0.0703418284189
2017-02-10,2530,sz002310,14.77,15.25,15.55,14.73,day,453315.0,12655.6,31.2473483241,5.31768953069,0.484918983497,0.622285188618,0.622730700655,0.551267517703,0.790998414908,1.49928793638,-0.0686898330257,0.0102227520596
2017-02-09,2529,sz002310,14.78,14.79,14.98,14.72,day,166997.0,-27.62,31.2261349173,5.31407942238,0.487861155507,0.486526753008,0.458261930674,0.548272692175,-0.528288157826,-0.000668454344304,-0.0709853985981,0.00749006677055
2017-02-08,2528,sz002310,14.87,14.78,14.89,14.52,day,209879.0,-2297.38,30.8018667798,5.24187725632,0.5143407036,0.483575482669,0.432293177519,0.488376181614,-0.330697902195,-0.269097214345,-0.116896710047,-0.0471636390106
2017-02-07,2527,sz002310,14.8,14.88,15.25,14.69,day,327552.0,2635.73,31.1624946966,5.30324909747,0.493745499528,0.513088186062,0.536168190139,0.539288215591,0.211511839677,0.314307462911,-0.0778720953155,-0.000707989096616
2017-02-06,2526,sz002310,14.02,14.86,15.0,14.02,day,395145.0,11814.23,29.7411964361,5.06137184116,0.264256082725,0.507185645384,0.464032764708,0.33863490521,0.522964620539,1.39978494673,-0.23167498867,-0.183797903463
2017-02-03,2525,sz002310,13.75,14.01,14.16,13.75,day,111565.0,786.68,29.1684344506,4.96389891697,0.184817438447,0.25632766654,0.221657735262,0.257774615952,-0.783705886714,0.0956331543142,-0.293655259126,-0.257580406268
2017-01-26,2524,sz002310,13.7,13.74,13.78,13.64,day,71465.0,184.36,28.935086975,4.92418772563,0.170106578395,0.176643367377,0.112011888608,0.224831535144,-0.968477335127,0.0244009488283,-0.318906480423,-0.287639944448
2017-01-25,2523,sz002310,13.77,13.62,13.77,13.6,day,47701.0,-485.71,28.8502333475,4.90974729242,0.190701782467,0.141228123305,0.109126471591,0.212852233031,-1.0779763052,-0.0548435788812,-0.328088742713,-0.298570685604
2017-01-24,2522,sz002310,13.47,13.61,13.79,13.41,day,103223.0,71.46,28.4471786169,4.84115523466,0.102436622158,0.138276852966,0.114897305625,0.155950547998,-0.822143877304,0.0110490495067,-0.371704488589,-0.350491706096
2017-01-23,2521,sz002310,13.5,13.47,13.65,13.44,day,75273.0,-586.36,28.5108188375,4.85198555957,0.111263138189,0.0969590682152,0.0745014673845,0.164935024582,-0.950930959178,-0.0667467557343,-0.364817791872,-0.342293650229
2017-01-20,2520,sz002310,13.22,13.45,13.51,13.22,day,67725.0,834.66,28.0441238863,4.7725631769,0.0288823219011,0.0910565275365,0.0341056291435,0.0990488629649,-0.985710382934,0.101307415868,-0.415320234466,-0.402412726588
2017-01-19,2519,sz002310,13.28,13.3,13.35,13.13,day,58158.0,233.4,27.8532032244,4.74007220217,0.0465353539628,0.0467874724464,-0.012061043132,0.0720954332123,-1.02979288785,0.0302005692245,-0.435980324618,-0.427006894189
2017-01-18,2518,sz002310,13.16,13.29,13.31,13.16,day,103532.0,133.78,27.9168434451,4.75090252708,0.0112292898393,0.043836202107,-0.0236027112008,0.0810799097965,-0.820720077365,0.0184192033218,-0.429093627901,-0.418808838322
2017-01-17,2517,sz002310,13.26,13.2,13.33,12.96,day,114595.0,-485.8,27.4925753076,4.67870036101,0.0406510099423,0.0172747690529,-0.0178318771664,0.0211833992352,-0.769744353331,-0.0548542225564,-0.47500493935,-0.473462544103
2017-01-16,2516,sz002310,13.52,13.27,13.63,12.76,day,139297.0,-1184.36,27.0683071701,4.60649819495,0.11714748221,0.0379336614283,0.06873063335,-0.0387131113261,-0.655923298002,-0.137468064807,-0.520916250799,-0.528116249885
2017-01-13,2515,sz002310,13.9,13.53,13.98,13.41,day,112205.0,-2349.34,28.4471786169,4.84115523466,0.228950018601,0.114666690251,0.169720228953,0.155950547998,-0.780756915967,-0.275242162873,-0.371704488589,-0.350491706096
2017-01-12,2514,sz002310,13.86,13.9,14.2,13.86,day,112843.0,192.02,29.4017819262,5.0036101083,0.21718133056,0.223863692807,0.233199403331,0.290717696761,-0.777817160753,0.0253068438575,-0.268404037829,-0.227520868088
2017-01-11,2513,sz002310,14.14,13.85,14.16,13.81,day,91511.0,-2748.08,29.2957148918,4.98555956679,0.299562146848,0.20910734111,0.221657735262,0.275743569121,-0.876110041988,-0.322398374879,-0.279881865691,-0.241184294534
2017-01-10,2512,sz002310,13.95,14.12,14.23,13.9,day,133665.0,1733.22,29.4866355537,5.01805054152,0.243660878653,0.288791640272,0.241855654383,0.302696998873,-0.681874240582,0.207573869849,-0.259221775539,-0.216590126932
2017-01-09,2511,sz002310,13.98,13.95,14.1,13.88,day,99686.0,-1036.65,29.4442087399,5.01083032491,0.252487394684,0.238620044504,0.204345233159,0.296707347817,-0.838441548452,-0.119999428414,-0.263812906684,-0.22205549751
2017-01-06,2510,sz002310,14.37,14.05,14.37,14.0,day,168956.0,-2537.49,29.6987696224,5.05415162455,0.367232103085,0.268132747897,0.282251492624,0.332645254154,-0.519261542678,-0.297493357358,-0.236266119815,-0.189263274042
2017-01-05,2509,sz002310,14.3,14.41,14.5,14.11,day,203721.0,1280.67,29.932117098,5.09386281588,0.346636899013,0.374378480113,0.319761913848,0.365588334963,-0.359072530108,0.154053922657,-0.211014898518,-0.159203735862
2017-01-04,2508,sz002310,14.33,14.32,14.43,14.23,day,139546.0,381.37,30.1866779805,5.13718411552,0.355463415044,0.347817047059,0.299563994727,0.4015262413,-0.65477596407,0.0476999540129,-0.183468111648,-0.126411512393
2017-01-03,2507,sz002310,14.25,14.28,14.47,14.18,day,130393.0,750.82,30.0806109461,5.11913357401,0.331926038962,0.336011965702,0.311105662796,0.386552113659,-0.69695085353,0.091392241031,-0.194945939511,-0.140074938839
2016-12-30,2506,sz002310,14.26,14.15,14.29,14.05,day,110939.0,-1201.88,30.5368398174,5.32196969697,0.334868210972,0.29764545129,0.259168156486,0.347619381794,-0.786590348727,-0.139540033594,-0.145576062413,0.0134626403
2016-12-29,2505,sz002310,13.95,14.12,14.32,13.81,day,149189.0,401.06,30.0152140839,5.23106060606,0.243660878653,0.288791640272,0.267824407538,0.275743569121,-0.610343268882,0.0500285536377,-0.202022727617,-0.0553513437971
2016-12-28,2504,sz002310,14.13,14.02,14.34,13.9,day,174788.0,-1494.84,30.210823734,5.26515151515,0.296619974838,0.259278936879,0.273595241572,0.302696998873,-0.492389046739,-0.174186379256,-0.180855228166,-0.0295460997607
2016-12-27,2503,sz002310,14.3,14.11,14.55,14.06,day,335049.0,-1823.89,30.558574223,5.32575757576,0.346636899013,0.285840369933,0.334188998934,0.350614207323,0.246056267327,-0.213100838705,-0.14322411803,0.0163298896374
2016-12-26,2502,sz002310,13.54,13.74,13.81,13.35,day,138262.0,903.92,29.015431428,5.05681818182,0.123031826231,0.176643367377,0.12066813966,0.13798159483,-0.660692336633,0.10949831531,-0.310212169259,-0.187244813317
2016-12-23,2501,sz002310,13.99,13.62,13.99,13.6,day,171069.0,-3694.36,29.5587915671,5.15151515152,0.255429566694,0.141228123305,0.17260564597,0.212852233031,-0.509525331444,-0.434308342018,-0.251413559671,-0.115563579882
2016-12-22,2500,sz002310,13.85,14.05,14.33,13.63,day,241175.0,2390.06,29.6239947837,5.16287878788,0.21423915855,0.268132747897,0.270709824555,0.221836709616,-0.18649323263,0.285253777292,-0.244357726521,-0.10696183187
2016-12-21,2499,sz002310,13.42,13.85,13.88,13.42,day,216360.0,845.09,29.1675722669,5.08333333333,0.087725762107,0.20910734111,0.14086605878,0.158945373526,-0.300834965607,0.10254089957,-0.293748558574,-0.167174067955
2016-12-20,2498,sz002310,13.31,13.41,13.43,13.16,day,100377.0,658.04,28.6024777222,4.98484848485,0.0553618699937,0.0792514461791,0.0110222930058,0.0810799097965,-0.835257581598,0.0804197944495,-0.354899112546,-0.241722550727
2016-12-19,2497,sz002310,13.3,13.24,13.35,13.15,day,101763.0,-1168.92,28.5807433167,4.98106060606,0.0524196979834,0.0290798504103,-0.012061043132,0.0780850842685,-0.828871216823,-0.135642083181,-0.357251056929,-0.244589800064
2016-12-16,2496,sz002310,13.29,13.34,13.36,13.14,day,127579.0,-1032.25,28.5590089111,4.97727272727,0.0494775259731,0.0585925538037,-0.00917562611474,0.0750902587404,-0.709917109286,-0.119479070956,-0.359603001313,-0.247457049402
2016-12-15,2495,sz002310,13.19,13.31,13.38,13.05,day,173183.0,-667.77,28.363399261,4.94318181818,0.0200558058702,0.0497387427857,-0.00340479208031,0.0481368289878,-0.499784512443,-0.0763745513389,-0.380770500764,-0.273262293438
2016-12-14,2494,sz002310,13.61,13.22,13.8,13.21,day,182300.0,-1852.76,28.7111497501,5.00378787879,0.143627030303,0.0231773097316,0.117782722643,0.0960540374369,-0.457775502588,-0.216515093208,-0.343139390628,-0.22738630404
2016-12-13,2493,sz002310,13.96,13.61,13.98,13.05,day,357548.0,-6105.53,28.363399261,4.94318181818,0.246603050663,0.138276852966,0.169720228953,0.0481368289878,0.34972641241,-0.719460681142,-0.380770500764,-0.273262293438
2016-12-09,2492,sz002310,14.46,14.44,14.6,14.36,day,184439.0,-407.31,31.2106063899,5.43939393939,0.393711651178,0.383232291131,0.34861608402,0.440458973165,-0.447919489417,-0.045571755083,-0.0726657865242,0.102347369759
2016-12-08,2491,sz002310,14.38,14.53,14.65,14.25,day,234592.0,4941.22,30.9715279287,5.39772727273,0.370174275095,0.409793724185,0.363043169106,0.407515892356,-0.216826161431,0.586961761997,-0.0985371747429,0.0708076270477
2016-12-07,2490,sz002310,14.21,14.32,14.37,14.0,day,184185.0,569.43,30.4281677896,5.30303030303,0.32015735092,0.347817047059,0.282251492624,0.332645254154,-0.449089862182,0.0699405048225,-0.157335784331,-0.000873606386862
2016-12-06,2489,sz002310,14.35,14.22,14.35,13.9,day,218533.0,-3080.62,30.210823734,5.26515151515,0.361347759065,0.318304343666,0.276480658589,0.302696998873,-0.290822288365,-0.361725572402,-0.180855228166,-0.0295460997607
2016-12-05,2488,sz002310,14.16,14.24,14.38,13.98,day,141517.0,-1410.32,30.3846989785,5.29545454545,0.305446490869,0.324206884344,0.285136909641,0.326655603098,-0.64569405572,-0.164190785539,-0.162039673098,-0.00660810506162
2016-12-02,2487,sz002310,14.44,14.2,14.56,14.1,day,246245.0,-5132.34,30.6455118453,5.34090909091,0.387827307157,0.312401802987,0.337074415951,0.362593509435,-0.163131854988,-0.604368255095,-0.133816340496,0.027798886987
2016-12-01,2486,sz002310,14.41,14.52,14.75,14.41,day,227361.0,1819.27,31.3192784177,5.45833333333,0.379000791126,0.406842453846,0.391897339278,0.455433100805,-0.250144923113,0.217750406045,-0.0609060646067,0.116683616446
2016-11-30,2485,sz002310,14.82,14.4,14.93,14.38,day,432823.0,-9685.22,31.254075201,5.44696969697,0.499629843548,0.371427209774,0.443834845588,0.446448624221,0.696576057779,-1.14280576956,-0.0679618977572,0.108081868434
2016-11-29,2484,sz002310,15.0,15.0,15.42,14.81,day,668969.0,-5329.21,32.1886546403,5.60984848485,0.552588939734,0.548503430134,0.585220279431,0.575226121928,1.78468175496,-0.627650703451,0.0331717107338,0.231373589941
2016-11-28,2483,sz002310,14.13,15.03,15.09,14.1,day,641354.0,20050.96,30.6455118453,5.34090909091,0.296619974838,0.557357241152,0.490001517863,0.362593509435,1.65743827496,2.3738858298,-0.133816340496,0.027798886987
2016-11-25,2482,sz002310,14.28,14.13,14.34,13.65,day,317593.0,-42.93,29.6674635949,5.17045454545,0.340752554992,0.291742910612,0.273595241572,0.227826360672,0.165623090183,-0.00247906177223,-0.239653837754,-0.101227333195
2016-11-24,2481,sz002310,14.32,14.25,14.48,14.23,day,173340.0,-2682.84,30.9280591176,5.39015151515,0.352521243034,0.327158154684,0.313991079813,0.4015262413,-0.499061093056,-0.314682892932,-0.10324106351,0.0650731283729
2016-11-23,2480,sz002310,14.62,14.31,14.66,14.3,day,270957.0,-6906.41,31.0801999565,5.41666666667,0.440786403342,0.34486577672,0.365928586123,0.422490019996,-0.0492647219913,-0.814175199554,-0.0867774528253,0.0851438737346
2016-11-22,2479,sz002310,14.56,14.57,14.65,14.44,day,198867.0,-1195.36,31.3844816344,5.4696969697,0.423133371281,0.421598805543,0.363043169106,0.464417577389,-0.381438630123,-0.138768958452,-0.0538502314561,0.125285364458
2016-11-21,2478,sz002310,14.67,14.55,14.71,14.45,day,227509.0,-172.11,31.40621604,5.47348484848,0.455497263394,0.415696264864,0.380355671209,0.467412402917,-0.249462973628,-0.0177562836886,-0.0514982870726,0.128152613795
2016-11-18,2477,sz002310,14.9,14.66,14.99,14.64,day,213558.0,-3645.43,31.8191697457,5.54545454545,0.523167219631,0.448160238597,0.461147347691,0.52431408795,-0.313745928162,-0.428521730558,-0.00681134378588,0.182630351206
2016-11-17,2476,sz002310,15.09,14.89,15.09,14.82,day,197325.0,-5068.21,32.2103890459,5.61363636364,0.579068487826,0.516039456402,0.490001517863,0.578220947456,-0.388543806518,-0.596784045144,0.0355236551173,0.234240839278
2016-11-16,2475,sz002310,14.85,15.12,15.24,14.76,day,449295.0,7216.7,32.0799826125,5.59090909091,0.508456359579,0.583918674206,0.533282773121,0.560251994287,0.772475192398,0.856066986693,0.0214119888163,0.217037343254
2016-11-15,2474,sz002310,14.95,14.76,14.95,14.74,day,214700.0,-6397.63,32.0365138013,5.58333333333,0.537878079682,0.47767294199,0.449605679622,0.554262343231,-0.308483858484,-0.754005320574,0.0167081000492,0.211302844579
2016-11-14,2473,sz002310,14.82,14.94,15.06,14.73,day,283955.0,-1343.49,32.0147793958,5.57954545455,0.499629843548,0.530795808098,0.481345266812,0.551267517703,0.0106270307885,-0.15628726533,0.0143561556657,0.208435595242
2016-11-11,2472,sz002310,14.92,14.84,14.99,14.68,day,274588.0,103.79,31.906107368,5.56060606061,0.529051563651,0.501283104705,0.461147347691,0.536293390063,-0.0325339207647,0.0148724941929,0.00259643374817,0.194099348555
2016-11-10,2471,sz002310,14.75,14.86,15.14,14.75,day,468879.0,3020.76,32.0582482069,5.58712121212,0.479034639476,0.507185645384,0.504428602949,0.557257168759,0.862713697279,0.359842288382,0.0190600444328,0.214170093917
2016-11-09,2470,sz002310,14.8,14.37,14.84,14.16,day,311425.0,-5630.97,30.7759182786,5.36363636364,0.493745499528,0.362573398756,0.417866092433,0.380562462603,0.137202384601,-0.663337764029,-0.119704674194,0.0450023830112
2016-11-08,2469,sz002310,14.81,14.71,14.94,14.57,day,234659.0,-298.62,31.6670289068,5.51893939394,0.496687671538,0.462916590293,0.446720262605,0.503350309254,-0.216517441056,-0.0327177432384,-0.0232749544705,0.162559605844
2016-11-07,2468,sz002310,14.86,14.75,15.09,14.72,day,218699.0,-3259.67,31.9930449902,5.57575757576,0.51139853159,0.474721671651,0.490001517863,0.548272692175,-0.290057399077,-0.382900573053,0.0120042112822,0.205568345905
2016-11-04,2467,sz002310,14.68,14.86,14.9,14.51,day,264460.0,-475.01,31.5366224734,5.49621212121,0.458439435404,0.507185645384,0.435178594536,0.485381356086,-0.0792013828476,-0.0535781641536,-0.0373866207715,0.14535610982
2016-11-03,2466,sz002310,14.68,14.74,14.97,14.37,day,450051.0,-1937.48,31.2323407955,5.44318181818,0.458439435404,0.471770401312,0.455376513657,0.443453798693,0.775958664094,-0.226534339537,-0.0703138421407,0.105214619096
2016-11-02,2465,sz002310,15.4,14.81,15.47,14.7,day,620180.0,-14069.79,31.9495761791,5.56818181818,0.670275820146,0.492429293687,0.599647364517,0.542283041119,1.55987342088,-1.66133842862,0.0073003225152,0.19983384723
2016-11-01,2464,sz002310,15.2,15.59,15.68,15.15,day,392357.0,5796.12,32.9276244295,5.73863636364,0.61143237994,0.722628380156,0.660241121879,0.677050189882,0.510118166719,0.688064850837,0.113137819773,0.328860067412
2016-10-31,2463,sz002310,15.18,15.13,15.45,15.02,day,299332.0,-4137.2,32.6450771571,5.68939393939,0.605548035919,0.586869944546,0.593876530483,0.638117458017,0.0814806607696,-0.48667995491,0.0825625427876,0.291585826026
2016-10-28,2462,sz002310,15.53,15.19,15.56,15.08,day,308476.0,-3561.0,32.7754835905,5.71212121212,0.708524056279,0.604577566582,0.625616117672,0.656086411185,0.123614080328,-0.418536780516,0.0966742090887,0.30878932205
2016-10-27,2461,sz002310,15.61,15.47,15.74,15.23,day,468769.0,-9110.28,33.101499674,5.76893939394,0.732061432362,0.687213136083,0.677553623982,0.701008794106,0.862206842932,-1.07481160662,0.131953374841,0.351798062111
2016-10-26,2460,sz002310,16.36,15.65,16.36,15.55,day,551263.0,-13791.55,33.797000652,5.89015151515,0.952724333134,0.740336002192,0.856449479049,0.796843211004,1.24231995678,-1.62843291519,0.207215595114,0.443550040907
2016-10-25,2459,sz002310,16.22,16.33,16.53,16.22,day,277221.0,185.8,35.2532058248,6.14393939394,0.91153392499,0.941022385267,0.905501568342,0.997496521385,-0.0204016707978,0.0245712476327,0.364795868809,0.635655746512
2016-10-24,2458,sz002310,16.42,16.21,16.48,16.11,day,380877.0,-8054.24,35.0141273636,6.10227272727,0.970377365196,0.905607141195,0.891074483256,0.964553440576,0.457221003932,-0.949921086164,0.33892448059,0.604116003801
2016-10-21,2457,sz002310,16.4,16.45,16.54,16.02,day,366850.0,-4435.3,34.8185177135,6.06818181818,0.964493021175,0.976437629339,0.908386985359,0.937600010824,0.392587859122,-0.521934172694,0.317756981139,0.578310759764
2016-10-20,2456,sz002310,16.6,16.34,16.7,16.25,day,487875.0,-10053.19,35.3184090415,6.1553030303,1.02333646138,0.943973655606,0.954553657635,1.00648099797,0.950242835285,-1.18632302725,0.37185170196,0.644257494524
2016-10-19,2455,sz002310,16.89,16.68,17.07,16.58,day,344100.0,-5852.87,36.0356444251,6.2803030303,1.10865944968,1.04431684714,1.06131408727,1.1053102404,0.287761164574,-0.689580336744,0.449465866616,0.738876722658
2016-10-18,2454,sz002310,16.6,16.85,16.89,16.46,day,319003.0,412.66,35.7748315584,6.23484848485,1.02333646138,1.09448844291,1.00937658096,1.06937233406,0.172120041361,0.051400405118,0.421242534013,0.704469730609
2016-10-17,2453,sz002310,17.06,16.7,17.13,16.42,day,494763.0,-10714.21,35.6878939361,6.2196969697,1.15867637385,1.05021938782,1.07862658937,1.05739303195,0.981981132958,-1.26449727428,0.411834756479,0.693000733259
2016-10-14,2452,sz002310,17.33,16.98,17.55,16.81,day,570587.0,-12258.07,36.5355357531,6.36742424242,1.23811501813,1.13285495732,1.1998141041,1.17419122754,1.3313604423,-1.44707888001,0.503560587436,0.804823457417
2016-10-13,2451,sz002310,16.52,17.29,17.45,16.51,day,716444.0,11573.03,35.8835035862,6.25378787879,0.999799085299,1.22434433784,1.17095993393,1.0843464617,2.00343548347,1.37125989698,0.433002255931,0.718805977296
2016-10-12,2450,sz002310,16.16,16.64,16.85,16.07,day,539718.0,4109.55,34.9271897414,6.08712121212,0.893880892928,1.03251176579,0.997834912893,0.952574138464,1.18912328915,0.48860592401,0.329516703056,0.592647006451
2016-10-11,2449,sz002310,16.47,16.29,16.56,16.1,day,413915.0,-9966.81,34.9923929581,6.09848484848,0.985088225247,0.929217303909,0.914157819394,0.961558615048,0.60945240325,-1.17610746425,0.336572536207,0.601248754463
2016-10-10,2448,sz002310,15.63,16.46,16.48,15.63,day,482859.0,7399.57,33.9708758965,5.92045454545,0.737945776382,0.979388899678,0.891074483256,0.820801815229,0.92713027705,0.877693752229,0.226031150182,0.466488035606
2016-09-30,2447,sz002310,15.55,15.62,15.68,15.25,day,327735.0,-1562.16,33.1449684851,5.77651515152,0.7144084003,0.731482191174,0.660241121879,0.706998445162,0.212355061001,-0.182147848365,0.136657263608,0.357532560786
2016-09-29,2446,sz002310,15.54,15.49,15.77,15.44,day,362147.0,-2494.73,35.4290959156,8.30107526882,0.71146622829,0.693115676762,0.686209875034,0.763900130196,0.370917531893,-0.29243642897,0.383829456353,2.26850799819
2016-09-28,2445,sz002310,15.76,15.39,15.92,15.26,day,391709.0,-4778.02,35.016062414,8.20430107527,0.776194012516,0.663602973369,0.729491130292,0.709993270691,0.507132333837,-0.562465288154,0.339133878117,2.19525440222
2016-09-27,2444,sz002310,16.2,16.0,16.42,15.11,day,607975.0,-6810.61,34.6718678293,8.12365591398,0.905649580969,0.843630464069,0.873761981153,0.66507088777,1.50363562716,-0.802845598535,0.30188756292,2.13420973891
2016-09-26,2443,sz002310,17.02,16.41,17.08,16.4,day,656104.0,-13289.0,37.6319412575,8.81720430108,1.14690768581,0.964632547982,1.06419950429,1.05140338089,1.72540283516,-1.56899981506,0.622205873614,2.65919384339
2016-09-23,2442,sz002310,16.05,16.94,16.96,16.05,day,801975.0,19192.92,36.8288205599,8.62903225806,0.861517000815,1.12104987597,1.02957450008,0.946584487408,2.39754238507,2.27241139496,0.535297804821,2.51675629566
2016-09-22,2441,sz002310,15.94,15.88,16.2,15.81,day,363869.0,877.27,36.2781092244,8.5,0.829153108702,0.808215219996,0.810282806774,0.874708674734,0.378852106311,0.106346604797,0.475703700506,2.41908483436
2016-09-21,2440,sz002310,15.95,15.74,16.06,15.61,day,308556.0,-4151.01,35.8191831115,8.39247311828,0.832095280712,0.766897435246,0.769886968533,0.814812164173,0.123982701671,-0.48831316775,0.42604194691,2.33769194995
2016-09-20,2439,sz002310,15.56,16.0,16.25,15.56,day,547049.0,3929.08,35.7044515833,8.36559139785,0.71735057231,0.843630464069,0.82470989186,0.799838036533,1.22290282751,0.467262989815,0.413626508511,2.31734372884
2016-09-19,2438,sz002310,15.32,15.4,15.78,15.26,day,406358.0,5986.78,35.016062414,8.20430107527,0.646738444063,0.666554243708,0.689095292051,0.709993270691,0.574631509593,0.710612885599,0.339133878117,2.19525440222
2016-09-14,2437,sz002310,15.2,15.24,15.5,14.86,day,461881.0,2301.89,34.0982101882,7.98924731183,0.61143237994,0.619333918279,0.608303615569,0.590200249568,0.830468545259,0.274826523411,0.239810370925,2.03246863339
2016-09-13,2436,sz002310,16.4,15.31,16.56,15.02,day,842255.0,-6728.97,34.4653510785,8.0752688172,0.964493021175,0.639992810654,0.914157819394,0.638117458017,2.58314323151,-0.793190602427,0.279539773802,2.09758294092
2016-09-12,2435,sz002310,16.04,16.19,16.75,15.98,day,507587.0,1607.93,36.6681964204,8.59139784946,0.858574828805,0.899704600516,0.968980742721,0.925620708711,1.04107113432,0.19275669123,0.517916191062,2.48826878612
2016-09-09,2434,sz002310,16.95,16.5,17.12,16.34,day,528959.0,-3586.42,37.4942634236,8.78494623656,1.12631248174,0.991193981036,1.07574117236,1.03343442772,1.13954832622,-0.421543027467,0.607307347535,2.63477597807
2016-09-08,2433,sz002310,16.55,17.09,17.28,16.32,day,732154.0,1246.63,37.4483708123,8.77419354839,1.00862560133,1.16531893106,1.12190784463,1.02744477667,2.07582349979,0.15002824814,0.602341172175,2.62663668962
2016-09-07,2432,sz002310,15.98,16.8,17.14,15.78,day,860519.0,2419.49,36.2092703075,8.48387096774,0.840921796743,1.07973209122,1.08151200639,0.86572419815,2.66729948422,0.288734259108,0.468254437466,2.4068759017
2016-09-06,2431,sz002310,15.1,15.86,16.12,15.01,day,643827.0,11966.05,34.4424047728,8.06989247312,0.582010659837,0.802312679318,0.787199470636,0.635122632489,1.66883328224,1.41773964429,0.277056686122,2.0935132967
2016-09-05,2430,sz002310,14.57,15.08,15.37,14.57,day,382867.0,119.82,33.4327673245,7.83333333333,0.426075543291,0.572113592849,0.570793194345,0.503350309254,0.466390459851,0.016768251023,0.167800828211,1.91444895098
2016-09-02,2429,sz002310,14.61,14.48,14.96,14.41,day,253337.0,-4040.82,33.0656264341,7.74731182796,0.437844231332,0.395037372489,0.452491096639,0.455433100805,-0.13045357289,-0.475281761317,0.128071425335,1.84933464345
2016-09-01,2428,sz002310,14.78,14.78,15.27,14.62,day,372253.0,896.57,33.5474988527,7.86021505376,0.487861155507,0.483575482669,0.541939024173,0.518324436894,0.417483623106,0.108629081829,0.18021626661,1.93479717209
2016-08-31,2427,sz002310,14.58,14.78,14.95,14.51,day,237017.0,1141.83,33.2950894906,7.80107526882,0.429017715301,0.483575482669,0.449605679622,0.485381356086,-0.205652326957,0.137634279594,0.152902302133,1.89003108566
2016-08-30,2426,sz002310,14.82,14.59,14.95,14.46,day,301493.0,-2702.72,33.1803579624,7.77419354839,0.499629843548,0.427501346221,0.449605679622,0.470407228445,0.09143804481,-0.317033962538,0.140486863734,1.86968286456
2016-08-29,2425,sz002310,14.71,14.77,15.15,14.44,day,628698.0,6221.96,33.1344653511,7.76344086022,0.467265951435,0.48062421233,0.507314019967,0.464417577389,1.59912237842,0.738425991732,0.135520688374,1.86154357611
2016-08-26,2424,sz002310,13.66,14.62,14.85,13.6,day,700267.0,18884.25,31.2069756769,7.31182795699,0.158337890354,0.436355157239,0.42075150945,0.212852233031,1.92889564006,2.23590713664,-0.0730586767287,1.51969346157
2016-08-25,2423,sz002310,13.52,13.67,13.89,13.31,day,280451.0,1768.15,30.5415328132,7.15591397849,0.11714748221,0.155984475002,0.143751475798,0.126002292718,-0.00551858405537,0.211704798487,-0.145068219443,1.40167377916
2016-08-24,2422,sz002310,13.58,13.46,13.73,13.31,day,229135.0,-262.0,30.5415328132,7.15591397849,0.134800514272,0.0940077978758,0.0975848035222,0.126002292718,-0.241970744822,-0.0283869500306,-0.145068219443,1.40167377916
2016-08-23,2421,sz002310,13.69,13.4,13.85,13.15,day,327939.0,-1838.51,30.1743919229,7.06989247312,0.167164406385,0.0763001758398,0.132209807729,0.0780850842685,0.213295045426,-0.214829844623,-0.184797622319,1.33655947163
2016-08-22,2420,sz002310,14.0,13.62,14.32,13.6,day,329749.0,-2904.37,31.2069756769,7.31182795699,0.258371738704,0.141228123305,0.267824407538,0.212852233031,0.221635103322,-0.340881708315,-0.0730586767287,1.51969346157
2016-08-19,2419,sz002310,13.87,14.06,14.55,13.8,day,363707.0,416.24,31.6659017898,7.41935483871,0.22012350257,0.271084018236,0.334188998934,0.272748743593,0.37810564809,0.051823786868,-0.0233969231329,1.60108634598
2016-08-18,2418,sz002310,13.92,13.8,14.06,13.73,day,275532.0,-3022.15,31.5052776503,7.38172043011,0.234834362622,0.194350989413,0.19280356509,0.251784964896,-0.0281841889118,-0.354810731363,-0.0407785368914,1.57259883644
2016-08-17,2417,sz002310,13.69,13.92,14.09,13.51,day,385419.0,1524.62,31.0004589261,7.26344086022,0.167164406385,0.229766233486,0.201459816142,0.185898803279,0.478149480707,0.182904195814,-0.0954064658469,1.48306666358
2016-08-16,2416,sz002310,13.45,13.84,14.27,13.45,day,521638.0,3782.73,30.8627810922,7.2311827957,0.0965522781379,0.206156070771,0.253397322452,0.16792985011,1.10581486553,0.449955191182,-0.110304991926,1.45864879825
2016-08-15,2415,sz002310,13.05,13.42,13.44,12.9,day,447859.0,4074.87,29.6007342818,6.93548387097,-0.021134602274,0.0822027165185,0.013907710023,0.00321444606679,0.765858439283,0.484504561136,-0.246874814314,1.23481836611
2016-08-12,2414,sz002310,12.94,13.11,13.58,12.86,day,416667.0,5283.03,29.5089490592,6.91397849462,-0.0534984943872,-0.00928666400113,0.054303548264,-0.00876485604548,0.622132977465,0.627385258074,-0.256807165033,1.21853978923
2016-08-11,2413,sz002310,12.99,13.01,13.24,12.7,day,338168.0,-2732.72,29.1418081689,6.82795698925,-0.0387876343357,-0.0387993673945,-0.0438006303213,-0.0566820644945,0.260427891955,-0.320581854298,-0.29653656791,1.15342548169
2016-08-10,2412,sz002310,13.26,13.03,13.5,13.01,day,387011.0,-3267.46,29.8531436439,6.99462365591,0.0406510099423,-0.0328968267159,0.0312202121263,0.0361575268755,0.485485045442,-0.38382184228,-0.219560849837,1.27958445254
2016-08-09,2411,sz002310,13.0,13.39,13.5,12.86,day,556344.0,2092.1,29.5089490592,6.91397849462,-0.0358454623254,0.0733489055004,0.0312202121263,-0.00876485604548,1.26573201986,0.250016116337,-0.256807165033,1.21853978923
2016-08-08,2410,sz002310,12.99,13.1,13.26,12.68,day,402214.0,-1989.15,29.0959155576,6.81720430108,-0.0387876343357,-0.0122379343405,-0.0380297962869,-0.0626717155507,0.555536924001,-0.232644991778,-0.30150274327,1.14528619325
2016-08-05,2409,sz002310,13.29,13.0,13.35,12.73,day,538168.0,-3619.23,29.2106470858,6.84408602151,0.0494775259731,-0.0417506377339,-0.012061043132,-0.0476975879103,1.18198125062,-0.425423238421,-0.289087304871,1.16563441436
2016-08-04,2408,sz002310,11.9,13.12,13.12,11.8,day,908466.0,46483.09,27.0766406609,6.34408602151,-0.359484383458,-0.00633539366179,-0.0784256345279,-0.326216362021,2.88822807866,5.49983037023,-0.520014459092,0.787157501822
2016-08-03,2407,sz002310,11.75,11.93,12.18,11.61,day,360913.0,-1228.64,26.6406608536,6.24193548387,-0.403616963612,-0.357536564043,-0.349654834146,-0.383118047054,0.36523154767,-0.142704753044,-0.567193125008,0.709834261627
2016-08-02,2406,sz002310,11.18,11.85,11.97,11.18,day,422314.0,4548.47,25.6539697109,6.01075268817,-0.571320768199,-0.381146726758,-0.410248591507,-0.511895544761,0.648153036547,0.540513945712,-0.673965895239,0.534839560133
2016-08-01,2405,sz002310,11.45,11.14,11.6,11.0,day,231483.0,-4383.32,25.2409362093,5.91397849462,-0.491882123921,-0.590686920851,-0.517009021144,-0.565802404266,-0.231151708391,-0.515786858905,-0.718661473475,0.461585964159
2016-07-29,2404,sz002310,11.49,11.7,11.84,11.07,day,357368.0,-537.08,25.4015603488,5.95161290323,-0.48011343588,-0.425415781848,-0.447759012731,-0.544838625569,0.348897014388,-0.060918752204,-0.701279859717,0.490073473704
2016-07-28,2403,sz002310,11.41,11.44,11.9,11.36,day,360807.0,-4036.34,26.0670032125,6.10752688172,-0.503650811962,-0.502148810671,-0.430446510628,-0.457988685256,0.36474312439,-0.474751942815,-0.629270317003,0.608093156107
2016-07-27,2402,sz002310,12.26,11.38,12.27,11.11,day,672551.0,-9107.86,25.4933455714,5.97311827957,-0.253566191087,-0.519856432707,-0.323686080991,-0.532859323457,1.80118677561,-1.07452541002,-0.691347508997,0.506352050587
2016-07-26,2401,sz002310,12.3,12.34,12.41,12.01,day,510442.0,-854.6,27.5585130794,6.45698924731,-0.241797503046,-0.23653448013,-0.28329024275,-0.263325025931,1.05422630851,-0.0984696385865,-0.467869617816,0.872620030459
2016-07-25,2400,sz002310,11.32,12.33,12.6,11.3,day,725582.0,6747.1,25.9293253786,6.0752688172,-0.530130360055,-0.23948575047,-0.228467319423,-0.475957638424,2.04554125643,0.800530654351,-0.644168843081,0.583675290783
2016-07-22,2399,sz002310,10.88,11.57,11.99,10.71,day,680461.0,3604.93,24.5754933456,5.75806451613,-0.659585928508,-0.46378229626,-0.404477757473,-0.65265234458,1.83763421095,0.428928019354,-0.790671016189,0.343566281755
2016-07-21,2398,sz002310,11.0,11.1,11.34,10.61,day,711029.0,15785.01,24.3460302891,5.70430107527,-0.624279864385,-0.602492002209,-0.592029863592,-0.682600599861,1.97848442628,1.86938153475,-0.815501892987,0.302869839547
2016-07-12,2397,sz002310,10.05,10.31,10.36,9.97,day,114316.0,3109.94,22.8774667279,5.36021505376,-0.903786205363,-0.835642359017,-0.874800731279,-0.874269433657,-0.771029920266,0.370388987953,-0.974419504494,0.0424126094162
2016-07-11,2396,sz002310,10.13,10.0,10.14,9.97,day,124239.0,-3234.55,22.8774667279,5.36021505376,-0.88024882928,-0.927131739536,-0.938279905658,-0.874269433657,-0.725307050376,-0.37992980502,-0.974419504494,0.0424126094162
2016-07-08,2395,sz002310,10.5,10.05,10.69,9.98,day,187469.0,-5046.05,22.9004130335,5.36559139785,-0.771388464899,-0.91237538784,-0.779581969711,-0.871274608129,-0.433957956033,-0.594163335764,-0.971936416814,0.046482253637
2016-07-07,2394,sz002310,10.46,10.42,10.54,10.26,day,108524.0,-2885.98,23.5429095916,5.51612903226,-0.783157152941,-0.803178385284,-0.822863224969,-0.787419493343,-0.797718105533,-0.338706850666,-0.90240996178,0.160432291819
2016-07-06,2393,sz002310,10.34,10.51,10.76,10.24,day,162205.0,-696.88,23.4970169803,5.50537634409,-0.818463217064,-0.77661695223,-0.75938405059,-0.793409144399,-0.5503685763,-0.0798171889762,-0.907376137139,0.152293003378
2016-07-05,2392,sz002310,9.86,10.46,10.57,9.86,day,187479.0,3821.73,22.6250573658,5.30107526882,-0.959687473558,-0.791373303927,-0.814206973917,-0.907212514466,-0.433911878365,0.454567450469,-1.00173346897,-0.00235347701261
2016-07-04,2391,sz002310,9.77,9.94,10.19,9.68,day,174005.0,4586.74,22.2120238642,5.20430107527,-0.986167021651,-0.944839361572,-0.923852820572,-0.961119373971,-0.495996928139,0.545039872967,-1.04642904721,-0.075607072987
2016-07-01,2390,sz002310,9.62,9.53,9.65,9.44,day,69903.0,-1101.52,21.6613125287,5.0752688172,-1.03029960181,-1.06584144549,-1.0796653395,-1.03299518664,-0.975674666858,-0.127671153028,-1.10602315152,-0.173278534286
2016-06-30,2389,sz002310,9.38,9.55,9.68,9.36,day,97944.0,1826.13,21.4777420835,5.03225806452,-1.10091173005,-1.05993890481,-1.07100908845,-1.05695379087,-0.846468278206,0.218561690628,-1.12588785296,-0.205835688053
2016-06-29,2388,sz002310,9.44,9.4,9.61,9.39,day,106946.0,-2330.19,20.9926224011,4.06493506494,-1.08325869799,-1.1042079599,-1.09120700757,-1.04796931428,-0.804989161533,-0.272977425299,-1.17838409028,-0.938054532662
2016-06-28,2387,sz002310,9.38,9.42,9.49,9.28,day,99680.0,-1352.28,20.7467024368,4.01731601732,-1.10091173005,-1.09830541922,-1.12583201178,-1.08091239509,-0.838469195053,-0.157326797615,-1.2049958178,-0.974099952904
2016-06-27,2386,sz002310,8.83,9.39,9.41,8.83,day,124649.0,5434.78,19.7406662195,3.82251082251,-1.26273119062,-1.10715923024,-1.14891534791,-1.21567954386,-0.72341786599,0.645331677224,-1.31386197583,-1.12155849025
2016-06-24,2385,sz002310,8.87,8.9,8.97,8.54,day,101847.0,-2788.48,19.0923317684,3.69696969697,-1.25096250258,-1.25177147686,-1.27587369667,-1.30252948417,-0.828484164412,-0.327176202448,-1.38402016657,-1.21658732544
2016-06-23,2384,sz002310,8.72,8.94,8.96,8.62,day,97414.0,1427.97,19.2711826515,3.7316017316,-1.29509508273,-1.23996639551,-1.27875911369,-1.27857087995,-0.848910394607,0.171474071196,-1.36466618292,-1.19037247435
2016-06-22,2383,sz002310,8.62,8.74,8.76,8.54,day,48053.0,-231.57,19.0923317684,3.69696969697,-1.32451680284,-1.29899180229,-1.33646745403,-1.30252948417,-1.07635437129,-0.0247882051559,-1.38402016657,-1.21658732544
2016-06-21,2382,sz002310,8.82,8.66,8.85,8.62,day,50290.0,130.3,19.2711826515,3.7316017316,-1.26567336263,-1.32260196501,-1.31049870088,-1.27857087995,-1.06604679698,0.0180076478777,-1.36466618292,-1.19037247435
2016-06-20,2381,sz002310,8.62,8.72,8.73,8.56,day,51156.0,-602.6,19.1370444892,3.70562770563,-1.32451680284,-1.30489434297,-1.34512370508,-1.29653983311,-1.06205647093,-0.0686673478067,-1.37918167065,-1.21003361267
2016-06-17,2380,sz002310,8.72,8.67,8.86,8.58,day,81762.0,-1892.46,19.1817572099,3.71428571429,-1.29509508273,-1.31965069467,-1.30761328386,-1.29055018206,-0.921031160456,-0.221210136637,-1.37434317474,-1.20347989989
2016-06-16,2379,sz002310,8.76,8.68,8.95,8.64,day,74265.0,-207.68,19.3158953722,3.74025974026,-1.28332639469,-1.31669942433,-1.28164453071,-1.27258122889,-0.955575588106,-0.0219629006848,-1.359827687,-1.18381876158
2016-06-15,2378,sz002310,8.51,8.76,8.92,8.48,day,74092.0,-34.13,18.9581936061,3.670995671,-1.35688069495,-1.29308926161,-1.29030078176,-1.32049843734,-0.956372731761,-0.00143834685611,-1.3985356543,-1.23624846375
2016-06-14,2377,sz002310,8.62,8.6,8.73,8.53,day,55465.0,-1143.24,19.069975408,3.69264069264,-1.32451680284,-1.34030958704,-1.34512370508,-1.3055243097,-1.04220160382,-0.132605087835,-1.38643941452,-1.21986418182
2016-06-13,2376,sz002310,8.98,8.67,9.06,8.65,day,68279.0,-1310.2,19.3382517326,3.74458874459,-1.21859861046,-1.31965069467,-1.24990494352,-1.26958640336,-0.983157680131,-0.152350288107,-1.35740843905,-1.1805419052
2016-06-08,2375,sz002310,9.26,9.16,9.27,9.1,day,56900.0,-1396.31,20.3442879499,3.93939393939,-1.13621779418,-1.17503844804,-1.18931118616,-1.1348192546,-1.03558945847,-0.162533920088,-1.24854228101,-1.03308336784
2016-06-07,2374,sz002310,9.18,9.26,9.34,9.15,day,84786.0,705.85,20.4560697518,3.96103896104,-1.15975517026,-1.14552574465,-1.16911326703,-1.11984512696,-0.907097273673,0.0860739512835,-1.23644604123,-1.01669908592
2016-06-06,2373,sz002310,9.36,9.18,9.38,9.12,day,81089.0,-1757.44,20.3890006707,3.94805194805,-1.10679607407,-1.16913590736,-1.15757159897,-1.12882960354,-0.924132187508,-0.205242258458,-1.2437037851,-1.02652965507
2016-06-03,2372,sz002310,9.44,9.39,9.52,9.36,day,76949.0,-2162.36,20.9255533199,4.05194805195,-1.08325869799,-1.10715923024,-1.11717576072,-1.05695379087,-0.943208342032,-0.253129336166,-1.18564183415,-0.947885101819
2016-06-02,2371,sz002310,9.23,9.48,9.52,9.2,day,111034.0,3357.16,20.5678515538,3.98268398268,-1.14504431021,-1.08059779718,-1.11717576072,-1.10487099932,-0.786152610882,0.399625981312,-1.22434980145,-1.00031480399
2016-06-01,2370,sz002310,9.29,9.2,9.32,9.13,day,85430.0,-2008.4,20.4113570311,3.95238095238,-1.12739127815,-1.16323336668,-1.17488410107,-1.12583477801,-0.904129871858,-0.234921555657,-1.24128453714,-1.02325279869
2016-05-31,2369,sz002310,8.97,9.23,9.38,8.92,day,123222.0,2783.06,19.941873463,3.86147186147,-1.22154078247,-1.15437955567,-1.15757159897,-1.1887261141,-0.729993149205,0.331731159341,-1.29208874423,-1.09206678278
2016-05-30,2368,sz002310,8.98,8.89,9.08,8.79,day,49486.0,494.4,19.651240778,3.80519480519,-1.21859861046,-1.2547227472,-1.24413410948,-1.22765884597,-1.06975144148,0.061067227532,-1.32353896766,-1.1346659158
2016-05-27,2367,sz002310,9.01,9.01,9.1,8.88,day,91031.0,-1336.37,19.8524480215,3.84415584416,-1.20977209443,-1.21930750313,-1.23836327545,-1.20070541622,-0.878321770049,-0.155445232352,-1.30176573605,-1.10517420833
2016-05-26,2366,sz002310,9.01,9.1,9.17,8.84,day,141492.0,3249.36,19.7630225799,3.82683982684,-1.20977209443,-1.19274607008,-1.21816535633,-1.21268471833,-0.64580924989,0.38687722359,-1.31144272788,-1.11828163387
2016-05-25,2365,sz002310,8.88,8.82,9.09,8.78,day,132883.0,921.67,19.6288844176,3.80086580087,-1.24802033057,-1.27538163958,-1.24124869247,-1.2306536715,-0.685477514214,0.111597484601,-1.32595821561,-1.13794277218
2016-05-24,2364,sz002310,8.44,8.61,8.66,8.39,day,89418.0,-680.13,18.7569863626,3.63203463203,-1.37747589902,-1.3373583167,-1.36532162421,-1.34745186709,-0.885754097886,-0.0778362827439,-1.42030888591,-1.26574017122
2016-05-23,2363,sz002310,8.34,8.52,8.56,8.3,day,103688.0,2012.37,18.5557791192,3.59307359307,-1.40689761912,-1.36391974976,-1.39417579438,-1.37440529684,-0.820001265746,0.240587002671,-1.44208211752,-1.29523187869
2016-05-20,2362,sz002310,8.05,8.13,8.14,7.95,day,45628.0,-1339.68,17.7733065057,3.44155844156,-1.49222060742,-1.47901929299,-1.5153633091,-1.47922419033,-1.08752820577,-0.155836683076,-1.52675579599,-1.40992185219
2016-05-19,2361,sz002310,7.98,8.06,8.1,7.95,day,65416.0,413.27,17.7733065057,3.44155844156,-1.51281581149,-1.49967818537,-1.52690497717,-1.47922419033,-0.99634971646,0.0514725455838,-1.52675579599,-1.40992185219
2016-05-18,2360,sz002310,8.26,7.9,8.27,7.82,day,77985.0,-3331.82,17.4826738207,3.38528138528,-1.43043499521,-1.5468985108,-1.47785288788,-1.51815692219,-0.938434695635,-0.391433252735,-1.55820601942,-1.4525209852
2016-05-17,2359,sz002310,8.38,8.32,8.49,8.29,day,54013.0,-2547.04,18.5334227588,3.58874458874,-1.39512893108,-1.42294515655,-1.4143737135,-1.37740012237,-1.0488920812,-0.298622769568,-1.44450136547,-1.29850873508
2016-05-16,2358,sz002310,8.38,8.43,8.5,8.21,day,51886.0,203.9,18.3545718757,3.55411255411,-1.39512893108,-1.39048118281,-1.41148829648,-1.4013587266,-1.05869280117,0.0267118089943,-1.46385534912,-1.32472358616
2016-05-13,2357,sz002310,8.3,8.37,8.44,8.25,day,63266.0,-764.88,18.4439973172,3.57142857143,-1.41866630716,-1.40818880485,-1.42880079858,-1.38937942448,-1.00625641507,-0.0878590769644,-1.4541783573,-1.31161616062
2016-05-12,2356,sz002310,8.06,8.32,8.33,7.9,day,97217.0,158.68,17.6615247038,3.41991341991,-1.48927843541,-1.42294515655,-1.46054038577,-1.49419831797,-0.849818124665,0.0213639534821,-1.53885203577,-1.42630613411
2016-05-11,2355,sz002310,8.22,8.25,8.33,8.07,day,73266.0,-562.11,18.0415828303,3.49350649351,-1.44220368325,-1.44360404892,-1.46054038577,-1.44328628399,-0.960178747132,-0.063878876562,-1.49772482051,-1.37059957556
2016-05-10,2354,sz002310,8.22,8.18,8.26,7.98,day,94608.0,-630.48,17.8403755869,3.45454545455,-1.44220368325,-1.4642629413,-1.48073830489,-1.47023971374,-0.861839788229,-0.0719645218819,-1.51949805212,-1.40009128303
2016-05-09,2353,sz002310,8.62,8.18,8.62,8.18,day,101209.0,-2761.52,18.2875027945,3.54112554113,-1.32451680284,-1.4642629413,-1.37686329227,-1.41034320318,-0.831423919626,-0.323987830387,-1.47111309299,-1.33455415532
2016-05-06,2352,sz002310,9.12,8.72,9.22,8.7,day,116122.0,-2891.87,19.4500335345,3.76623376623,-1.17740820232,-1.30489434297,-1.20373827124,-1.25461227572,-0.762708293437,-0.339403420082,-1.34531219927,-1.16415762327
2016-05-05,2351,sz002310,9.14,9.1,9.17,8.98,day,75573.0,-1842.76,20.0760116253,3.88744588745,-1.1715238583,-1.19274607008,-1.21816535633,-1.17075716094,-0.94954862914,-0.215332462622,-1.27757325649,-1.07240564447
2016-05-04,2350,sz002310,9.37,9.17,9.38,9.13,day,109400.0,-2154.98,20.4113570311,3.95238095238,-1.10385390206,-1.1720871777,-1.15757159897,-1.12583477801,-0.793681701822,-0.252256554793,-1.24128453714,-1.02325279869
2016-05-03,2349,sz002310,9.13,9.35,9.36,9.08,day,96150.0,936.58,20.2995752292,3.93073593074,-1.17446603031,-1.11896431159,-1.163342433,-1.14080890565,-0.854734611834,0.113360786806,-1.25338077693,-1.03963708062
2016-04-29,2348,sz002310,9.12,9.13,9.2,9.03,day,45331.0,-390.38,20.1877934272,3.90909090909,-1.17740820232,-1.18389225906,-1.20950910528,-1.1557830333,-1.0888967125,-0.0435695615001,-1.26547701671,-1.05602136254
2016-04-28,2347,sz002310,9.26,9.12,9.36,8.94,day,94647.0,-2347.63,19.9865861838,3.87012987013,-1.13621779418,-1.1868435294,-1.163342433,-1.18273646305,-0.861660085324,-0.275039933042,-1.28725024831,-1.08551307001
2016-04-27,2346,sz002310,8.98,9.23,9.4,8.98,day,127642.0,2514.25,20.0760116253,3.88744588745,-1.21859861046,-1.15437955567,-1.15180076493,-1.17075716094,-0.709626819978,0.299940866546,-1.27757325649,-1.07240564447
2016-04-26,2345,sz002310,8.92,9.01,9.03,8.82,day,71724.0,-327.09,19.7183098592,3.81818181818,-1.23625164253,-1.21930750313,-1.25856119457,-1.21867436938,-0.967283923528,-0.0360846925181,-1.31628122379,-1.12483534664
2016-04-25,2344,sz002310,8.97,8.87,8.97,8.79,day,76843.0,-1167.54,19.651240778,3.80519480519,-1.22154078247,-1.26062528788,-1.27587369667,-1.22765884597,-0.943696765313,-0.13547888016,-1.32353896766,-1.1346659158
2016-04-22,2343,sz002310,8.9,8.97,9.03,8.7,day,68577.0,-841.32,19.4500335345,3.76623376623,-1.24213598655,-1.23111258449,-1.25856119457,-1.25461227572,-0.981784565626,-0.0968991051676,-1.34531219927,-1.16415762327
2016-04-21,2342,sz002310,8.88,8.93,9.16,8.85,day,111442.0,958.93,19.7853789403,3.83116883117,-1.24802033057,-1.24291766585,-1.22105077334,-1.2096898928,-0.78427264203,0.116003966167,-1.30902347992,-1.11500477748
2016-04-20,2341,sz002310,9.36,8.88,9.41,8.66,day,176700.0,-6706.7,19.360608093,3.74891774892,-1.10679607407,-1.25767401754,-1.14891534791,-1.26659157783,-0.483578996631,-0.790556884111,-1.35498919109,-1.17726504881
2016-04-19,2340,sz002310,9.34,9.38,9.56,9.29,day,142101.0,2526.09,20.7690587972,4.02164502165,-1.11268041809,-1.11011050058,-1.10563409266,-1.07791756957,-0.643003119913,0.30134110116,-1.20257656984,-0.970823096518
2016-04-18,2339,sz002310,9.56,9.19,9.57,9.18,day,134157.0,-4891.17,20.523138833,3.97402597403,-1.04795263387,-1.16618463702,-1.10274867564,-1.11086065037,-0.679607219319,-0.57584675324,-1.22918829736,-1.00686851676
2016-04-15,2338,sz002310,9.43,9.56,9.64,9.31,day,194688.0,1629.45,20.813771518,4.0303030303,-1.08620087,-1.05698763447,-1.08255075652,-1.07192791851,-0.400694487552,0.195301712252,-1.19773807393,-0.964269383747
2016-04-14,2337,sz002310,9.15,9.39,9.51,9.15,day,176925.0,4344.3,20.4560697518,3.96103896104,-1.16858168629,-1.10715923024,-1.12006117774,-1.11984512696,-0.482542249102,0.516368177028,-1.23644604123,-1.01669908592
2016-04-13,2336,sz002310,9.05,9.1,9.35,9.0,day,182631.0,1373.97,20.1207243461,3.8961038961,-1.19800340639,-1.19274607008,-1.16622785002,-1.16476750988,-0.456250331779,0.165087866029,-1.27273476058,-1.0658519317
2016-04-12,2335,sz002310,9.01,9.08,9.15,8.65,day,136844.0,-1836.42,19.3382517326,3.74458874459,-1.20977209443,-1.19864861076,-1.22393619036,-1.26958640336,-0.667226149946,-0.21458267483,-1.35740843905,-1.1805419052
2016-04-11,2334,sz002310,8.87,9.0,9.09,8.87,day,134757.0,1599.32,19.8300916611,3.83982683983,-1.25096250258,-1.22225877347,-1.24124869247,-1.20370024174,-0.676842559243,0.191738446295,-1.30418498401,-1.10845106471
2016-04-08,2333,sz002310,8.76,8.76,8.86,8.61,day,102402.0,-1195.45,19.2488262911,3.72727272727,-1.28332639469,-1.29308926161,-1.30761328386,-1.28156570547,-0.825926853842,-0.138779602127,-1.36708543087,-1.19364933074
2016-04-07,2332,sz002310,9.18,8.82,9.18,8.82,day,151783.0,-2572.65,19.7183098592,3.81818181818,-1.15975517026,-1.27538163958,-1.21527993931,-1.21867436938,-0.59839072182,-0.3016514865,-1.31628122379,-1.12483534664
2016-04-06,2331,sz002310,8.82,9.1,9.13,8.82,day,143185.0,12.8,19.7183098592,3.81818181818,-1.26567336263,-1.19274607008,-1.2297070244,-1.21867436938,-0.638008300709,0.00411173848632,-1.31628122379,-1.12483534664
2016-04-05,2330,sz002310,8.78,8.98,9.16,8.78,day,206228.0,2662.39,19.6288844176,3.80086580087,-1.27744205067,-1.22816131415,-1.22105077334,-1.2306536715,-0.347520858757,0.317460356054,-1.32595821561,-1.13794277218
2016-04-01,2329,sz002310,8.46,8.74,8.76,8.44,day,238356.0,1359.34,18.8687681645,3.65367965368,-1.371591555,-1.29899180229,-1.33646745403,-1.33247773945,-0.199482527221,0.163357677481,-1.40821264613,-1.24935588929
2016-03-31,2328,sz002310,8.48,8.47,8.63,8.37,day,190316.0,-2051.1,18.7122736419,3.62337662338,-1.36570721098,-1.37867610146,-1.37397787526,-1.35344151815,-0.420839643973,-0.239971388261,-1.42514738182,-1.27229388399
2016-03-30,2327,sz002310,8.15,8.48,8.5,8.09,day,152737.0,3835.01,46.4142283419,3.72811059908,-1.46279888732,-1.37572483112,-1.41148829648,-1.43729663293,-0.593994912299,0.456137983888,1.57256316413,-1.19301510047
2016-03-29,2326,sz002310,8.29,8.02,8.3,7.93,day,112858.0,-1061.84,45.4962707975,3.65437788018,-1.42160847917,-1.51148326673,-1.46919663682,-1.48521384138,-0.777748044251,-0.122978474861,1.47322826009,-1.24882736407
2016-03-28,2325,sz002310,8.56,8.24,8.65,8.23,day,149982.0,-3473.17,47.2174411933,3.79262672811,-1.3421698349,-1.44655531926,-1.36820704122,-1.39536907554,-0.606689309815,-0.408149736075,1.65948120516,-1.14417936982
2016-03-25,2324,sz002310,8.31,8.46,8.54,8.31,day,135683.0,-1552.77,47.6764199656,3.82949308756,-1.41572413515,-1.38162737179,-1.39994662841,-1.37141047132,-0.672575767193,-0.181037358244,1.70914865718,-1.11627323802
2016-03-24,2323,sz002310,8.25,8.38,8.76,8.15,day,216390.0,304.83,46.7584624211,3.75576036866,-1.43337716722,-1.40523753451,-1.33646745403,-1.41932767976,-0.300696732603,0.0386480995038,1.60981375314,-1.17208550162
2016-03-23,2322,sz002310,8.05,8.37,8.37,8.05,day,163402.0,1079.86,46.1847389558,3.70967741935,-1.49222060742,-1.40818880485,-1.4489987177,-1.44927593505,-0.544853079448,0.130305517849,1.54772943812,-1.20696816637
2016-03-22,2321,sz002310,7.98,8.12,8.28,7.9,day,153319.0,-1191.94,45.3241537579,3.64055299539,-1.51281581149,-1.48197056333,-1.47496747086,-1.49419831797,-0.591313192026,-0.138364498791,1.45460296558,-1.25929216349
2016-03-21,2320,sz002310,8.08,8.1,8.19,7.95,day,177103.0,-1242.32,45.6110154905,3.66359447005,-1.48339409139,-1.48787310401,-1.50093622401,-1.47922419033,-0.481722066613,-0.144322591686,1.4856451231,-1.24185083112
2016-03-18,2319,sz002310,7.65,8.0,8.05,7.63,day,187230.0,2213.6,43.7751004016,3.51612903226,-1.60990748783,-1.5173858074,-1.54133206226,-1.57505860722,-0.435059212297,0.264385077963,1.28697531502,-1.35347535832
2016-03-17,2318,sz002310,7.38,7.65,7.66,7.38,day,142385.0,4017.82,42.3407917384,3.40092165899,-1.68934613211,-1.62068026928,-1.65386332593,-1.64992924543,-0.641694514144,0.47775765364,1.13176452746,-1.44068202019
2016-03-16,2317,sz002310,7.46,7.4,7.5,7.23,day,74163.0,-1100.39,41.4802065404,3.33179723502,-1.66580875603,-1.69446202777,-1.7000299982,-1.69485162835,-0.956045580319,-0.127537515772,1.03863805493,-1.49300601732
2016-03-15,2316,sz002310,7.49,7.38,7.56,7.34,day,92541.0,-2442.24,42.1113023523,3.38248847926,-1.65698224,-1.70036456844,-1.6827174961,-1.66190854754,-0.871364042191,-0.286228801021,1.10693080145,-1.45463508609
2016-03-14,2315,sz002310,7.38,7.54,7.64,7.32,day,128790.0,247.43,41.9965576592,3.3732718894,-1.68934613211,-1.65314424301,-1.65963415996,-1.66789819859,-0.704337103699,0.0318597999373,1.09451393845,-1.46161161904
2016-03-11,2314,sz002310,7.12,7.28,7.46,6.98,day,96954.0,-849.4,40.0458978772,3.21658986175,-1.76584260438,-1.72987727184,-1.71157166627,-1.76972226655,-0.851029967332,-0.0978546706815,0.88342726737,-1.58021267919
2016-03-10,2313,sz002310,7.25,7.14,7.34,7.12,day,72210.0,-389.68,40.8491107286,3.28110599078,-1.72759436825,-1.77119505659,-1.74619667048,-1.72779470916,-0.965044548866,-0.043486777359,0.970345308403,-1.53137694854
2016-03-09,2312,sz002310,7.24,7.23,7.35,7.16,day,72273.0,-858.4,41.0786001147,3.29953917051,-1.73053654026,-1.74463362353,-1.74331125346,-1.71581540704,-0.964754259558,-0.0989190382093,0.995179034412,-1.51742388264
2016-03-08,2311,sz002310,7.5,7.43,7.5,7.06,day,103559.0,-2569.38,40.5048766495,3.2534562212,-1.65404006799,-1.68560821675,-1.7000299982,-1.74576366232,-0.820595667662,-0.301264766298,0.933094719389,-1.55230654739
2016-03-07,2310,sz002310,7.3,7.5,7.5,7.3,day,97097.0,738.67,41.8818129662,3.36405529954,-1.71288350819,-1.66494932437,-1.7000299982,-1.67388784965,-0.85037105668,0.0899553448684,1.08209707544,-1.46858815199
2016-03-04,2309,sz002310,7.46,7.21,7.5,7.02,day,130977.0,-2714.44,40.2753872633,3.23502304147,-1.66580875603,-1.75053616421,-1.7000299982,-1.75774296444,-0.694259917722,-0.318420005586,0.908260993379,-1.56625961329
2016-03-03,2308,sz002310,7.42,7.51,7.81,7.39,day,165037.0,-2147.91,42.3981640849,3.40552995392,-1.67757744407,-1.66199805403,-1.61058207067,-1.6469344199,-0.537319380741,-0.251420434969,1.13797295897,-1.43719375372
2016-03-02,2307,sz002310,7.02,7.46,7.5,6.98,day,145494.0,976.27,40.0458978772,3.21658986175,-1.79526432448,-1.67675440573,-1.7000299982,-1.76972226655,-0.627368967183,0.118054647604,0.88342726737,-1.58021267919
2016-03-01,2306,sz002310,6.83,7.04,7.08,6.58,day,130553.0,-764.79,37.7510040161,3.03225806452,-1.85116559268,-1.80070775998,-1.82121751293,-1.88951528767,-0.696213610843,-0.0878484332891,0.635090007277,-1.71974333819
2016-02-29,2305,sz002310,7.29,6.85,7.3,6.6,day,143194.0,-3042.23,37.8657487091,3.04147465438,-1.7158256802,-1.85678189643,-1.75773833855,-1.88352563662,-0.637966830808,-0.35718545358,0.647506870282,-1.71276680524
2016-02-26,2304,sz002310,7.52,7.32,7.63,7.04,day,141965.0,-2171.41,40.3901319564,3.24423963134,-1.64815572397,-1.71807219048,-1.66251957698,-1.75175331338,-0.643629776197,-0.254199616847,0.920677856384,-1.55928308034
2016-02-25,2303,sz002310,8.28,7.5,8.28,7.5,day,147757.0,-3429.28,43.0292598967,3.45622119816,-1.42455065119,-1.66494932437,-1.47496747086,-1.61399133909,-0.61694159093,-0.402959170431,1.20626570549,-1.39882282249
